Parrotfish mean size (cm),Coral cover (%),Depth (m),Distance to pass (m),Distance to port (m),Export category,Geomorphology,Habitat type,Human density within 20 km,Human density within 200 km,Lat,Lon,NPP (mg C.m2.day),Protected status,SST (K),Socio-economic development (PCA1),Socio-economic development (PCA2),Survey method,Tourist pressure (20 km),Tourist pressure (200 km),Wave exposure (J.m3),Year
19.9,32.8,10,3848.376221,9928,Medium,Islandwlagoon,Forereef,101.9872325,12.48205602,7.259362478,134.5310033,201.3933563,None,300.9890747,-2.610323061,2.020260826,UVC,68261.37479,75253.79812,572.1293945,2009
18.6,14.6,10,7558.438965,54799,Medium,Islandwlagoon,Forereef,0.101165573,12.48205602,7.809321895,134.6621573,207.1922607,None,301.0846863,-2.610323061,2.020260826,UVC,135.0169859,75253.79812,985.4263916,2009
19.3,16,10,5100,37842,Medium,Islandwlagoon,Forereef,1.187834059,12.48205602,7.645995628,134.6495809,199.0307312,None,301.0325623,-2.610323061,2.020260826,UVC,1371.120996,75253.79812,942.1412964,2009
24.4,62.6,10,565.6854248,34474,Medium,Islandwlagoon,Forereef,1.148589513,12.48205602,7.650556982,134.5426814,216.4090576,Notake,300.9472046,-2.610323061,2.020260826,UVC,1466.65852,75253.79812,281.8422852,2009
24.8,57.8,10,200,47646,Medium,Islandwlagoon,Forereef,0.277732071,12.48205602,7.76825642,134.5669359,227.237381,None,300.9945374,-2.610323061,2.020260826,UVC,356.0544392,75253.79812,568.2944336,2009
22.8,41.1,10,6428.841309,16640,Medium,Islandwlagoon,Forereef,56.91411494,12.48205602,7.192829046,134.4573414,199.4824066,None,301.0409851,-2.610323061,2.020260826,UVC,49111.3217,75253.79812,411.5392456,2009
21.4,42.5,10,2720.29419,6964,Medium,Islandwlagoon,Forereef,77.09399788,12.48205602,7.281238572,134.4690195,201.3933563,Notake,300.9692993,-2.610323061,2.020260826,UVC,68306.30364,75253.79812,18.33993912,2009
31.3,22.4,10,3847.076904,38283,Medium,Islandwlagoon,Forereef,2.551269531,12.48205602,7.103525101,134.2390508,210.1318359,None,300.9921875,-2.610323061,2.020260826,UVC,3248.976766,75253.79812,523.4014282,2009
24,56.5,8,2624.880859,6801,Medium,Islandwlagoon,Forereef,78.05573944,12.48205602,7.282150098,134.4708162,201.3933563,Notake,300.969696,-2.610323061,2.020260826,UVC,68395.38328,75253.79812,20.20541573,2009
21.6,34.3,7,2549.509766,9588,Medium,Islandwlagoon,Forereef,104.3595088,12.48205602,7.315877847,134.5741224,198.9624786,None,301.0556641,-2.610323061,2.020260826,UVC,68846.69142,75253.79812,384.1010742,2012
22.8,40.6,7,3748.333008,9270,Medium,Islandwlagoon,Forereef,104.5861668,12.48205602,7.306761995,134.5678342,198.9624786,None,301.0394897,-2.610323061,2.020260826,UVC,68748.01018,75253.79812,858.2365723,2012
23.3,40.5,7,4767.599121,9745,Medium,Islandwlagoon,Forereef,104.757487,12.48205602,7.284884688,134.5597494,198.9624786,None,301.0215759,-2.610323061,2.020260826,UVC,68546.89537,75253.79812,858.6417236,2012
19,50.9,7,4318.564453,10317,Medium,Islandwlagoon,Forereef,103.9541077,12.48205602,7.262096933,134.5426814,198.9624786,None,300.9938354,-2.610323061,2.020260826,UVC,68273.79616,75253.79812,561.8610229,2012
21.8,30.8,7,2745.906006,8746,Medium,Islandwlagoon,Forereef,99.15594925,12.48205602,7.266654394,134.5211218,201.3933563,None,300.9821777,-2.610323061,2.020260826,UVC,68332.97842,75253.79812,27.24845696,2012
18.8,77,7,2720.29419,6964,Medium,Islandwlagoon,Forereef,77.09399788,12.48205602,7.281238572,134.4690195,201.3933563,Notake,300.9692993,-2.610323061,2.020260826,UVC,68306.30364,75253.79812,18.33993912,2012
27.9,49.9,8,17449.64258,18341,Medium,Islandwlagoon,Forereef,38.53339276,12.48205602,7.41889963,134.3459504,238.3782043,None,301.0674744,-2.610323061,2.020260826,UVC,35859.03822,75253.79812,264.1087952,2012
22,64,7,4534.313477,30320,Medium,Islandwlagoon,Forereef,0,12.48205602,7.315877847,134.2201862,211.7237549,None,301.0371094,-2.610323061,2.020260826,UVC,0,75253.79812,460.8786621,2012
20.8,46,8,1360.147095,7295,Medium,Islandwlagoon,Forereef,98.32305178,12.48205602,7.284884688,134.52741,201.3933563,None,300.9877319,-2.610323061,2.020260826,UVC,68531.25138,75253.79812,21.93011475,2012
22.5,40.4,7,4031.128906,10112,Medium,Islandwlagoon,Forereef,102.7868837,12.48205602,7.259362478,134.5345966,201.3933563,None,300.9906006,-2.610323061,2.020260826,UVC,68268.05728,75253.79812,573.6246338,2012
23.2,50.8,8,3401.470215,9638,Medium,Islandwlagoon,Forereef,100.4773159,12.48205602,7.259362478,134.5247151,201.3933563,None,300.9863892,-2.610323061,2.020260826,UVC,68261.37479,75253.79812,403.4704285,2012
27.7,65.1,8,6242.595703,30816,Medium,Islandwlagoon,Forereef,0,12.48205602,7.331375211,134.2147963,212.6353149,None,301.0252075,-2.610323061,2.020260826,UVC,0,75253.79812,466.8583984,2012
31.7,50.9,5,3492.849854,37918,Medium,Islandwlagoon,Forereef,2.585805065,12.48205602,7.088946474,134.2579155,210.1318359,None,300.999176,-2.610323061,2.020260826,UVC,3248.976766,75253.79812,478.0370483,2012
28.6,65.1,8,5412.947266,39776,Medium,Islandwlagoon,Forereef,2.774515203,12.48205602,7.073457175,134.2498306,210.1318359,None,300.994812,-2.610323061,2.020260826,UVC,3270.830399,75253.79812,484.8193054,2012
20.7,57.5,8,707.1068115,5852,Medium,Islandwlagoon,Forereef,95.05053408,12.48205602,7.290353917,134.5094437,201.3933563,None,300.9795837,-2.610323061,2.020260826,UVC,68500.71941,75253.79812,33.67428207,2012
19.3,63.8,7,2332.380859,5295,Medium,Islandwlagoon,Forereef,82.11074534,12.48205602,7.293088556,134.4824943,201.3933563,Notake,300.9733887,-2.610323061,2.020260826,UVC,68510.48103,75253.79812,19.84797859,2012
19.1,68.4,8,2563.201172,6673,Medium,Islandwlagoon,Forereef,78.38429941,12.48205602,7.283061627,134.4717145,201.3933563,Notake,300.9700012,-2.610323061,2.020260826,UVC,68395.38328,75253.79812,19.35678673,2012
18.6,5,10,8759.566406,5263,None,Island,Forereef,1756.380889,449.8715783,13.47835698,144.699034,144.5280457,None,300.4921265,-1.371914192,-2.327250083,UVC,766712.7982,1003070.361,642.0778198,2009
20.6,5,10,7421.590332,3801,None,Island,Forereef,1705.91604,451.9518654,13.46906409,144.6891525,139.0405731,None,300.4958496,-1.371914192,-2.327250083,UVC,723132.2241,1002618.259,641.1784058,2009
27.4,6.7,10,19523.32031,35899,None,Island,Forereef,1617.65018,448.1960396,13.60198603,144.9514606,126.143959,Partly,300.3305969,-1.371914192,-2.327250083,UVC,491204.5411,1379516.767,1796.141968,2009
27.3,8.7,10,18867.16797,34941,None,Island,Forereef,1597.206514,448.6873653,13.60198603,144.9415791,126.143959,Partly,300.334259,-1.371914192,-2.327250083,UVC,500433.9981,1378775.352,1796.033569,2009
22.1,8.7,10,2831.960449,21932,None,Island,Forereef,1838.306639,440.1473742,13.47556908,144.8634257,129.4126282,None,300.3753052,-1.371914192,-2.327250083,UVC,848083.7749,1034882.831,1279.399292,2009
18.5,2.8,10,14840.82227,24695,None,Island,Forereef,1894.292873,446.7968324,13.59640743,144.8319847,136.7432861,None,300.4119873,-1.371914192,-2.327250083,UVC,785252.5722,1309074.616,36.99605179,2009
21,47.5,10,14921.46094,24983,None,Island,Forereef,1913.615223,445.6623896,13.59733719,144.8346796,131.9200897,None,300.4104309,-1.371914192,-2.327250083,UVC,785252.5722,1309074.616,15.62461472,2009
18.1,29.4,10,11292.91797,20412,None,Island,Forereef,1735.971318,442.1293395,13.55922002,144.8122217,137.4541473,None,300.4317627,-1.371914192,-2.327250083,UVC,811837.858,1187794.228,49.71384811,2009
22.4,63.1,10,8321.658203,17236,None,Island,Forereef,1719.129619,438.2594279,13.52389724,144.8014419,137.4541473,Partly,300.4317627,-1.371914192,-2.327250083,UVC,868331.0032,1061528.94,28.04618073,2009
21,37.8,10,7990.619629,15628,None,Island,Forereef,1650.68912,439.420158,13.51181431,144.7915605,137.4541473,Partly,300.4302368,-1.371914192,-2.327250083,UVC,899085.8713,1023107.116,46.11498261,2009
20.9,3.2,10,8683.317383,12540,None,Island,Forereef,1978.291601,445.6585726,13.4978732,144.767306,137.4541473,None,300.4374695,-1.371914192,-2.327250083,UVC,913567.7212,1003919.391,36.93660355,2009
18.3,7.5,10,500,14312,None,Island,Forereef,1263.155156,460.660866,13.36779433,144.7771874,126.7958984,None,300.3802795,-1.371914192,-2.327250083,UVC,760585.1551,1000377.842,1891.264038,2009
19.4,19,10,632.4555054,14058,None,Island,Forereef,1850.521271,450.0719176,13.42074672,144.7942554,133.6820679,None,300.4066467,-1.371914192,-2.327250083,UVC,921317.8561,1003140.281,1257.442505,2009
25.5,5.5,10,282.8427124,13800,Low,Islandwlagoon,Forereef,234.5432437,99.36004823,6.936808686,158.3372566,166.9764099,None,301.0722656,1.841447278,1.477258222,UVC,8217.921579,9659.998346,1968.193481,2009
26,5.9,10,1303.840454,14521,Low,Islandwlagoon,Forereef,234.6900139,99.36004823,6.928611012,158.3417482,166.9764099,None,301.0698547,1.841447278,1.477258222,UVC,8271.11269,9659.998346,1968.108154,2009
26.1,1,10,538.5164795,10823,Low,Islandwlagoon,Forereef,243.7517476,99.36004823,7.018793098,158.2995274,166.5940552,None,301.0318298,1.841447278,1.477258222,UVC,7581.480141,9659.998346,2028.612427,2009
27.8,1.8,10,1503.32959,11270,Low,Islandwlagoon,Forereef,242.8917541,99.36004823,7.01241603,158.3076122,166.5940552,None,301.0368042,1.841447278,1.477258222,UVC,7661.179961,9659.998346,2051.651855,2009
24.3,3,10,3041.381348,11890,Low,Islandwlagoon,Forereef,244.339038,99.36004823,7.00057313,158.318392,166.5940552,None,301.045166,1.841447278,1.477258222,UVC,7730.278296,9659.998346,2051.651855,2009
22.9,24.4,10,1264.911011,35242,Low,Atoll,Forereef,0.709703905,99.33098143,6.749207497,157.9842187,167.3242645,Notake,301.3745117,1.841447278,1.477258222,UVC,14.1802913,9657.172408,1188.242065,2009
24.8,23.6,10,5281.098145,21192,Low,Islandwlagoon,Forereef,204.8132295,99.36004823,6.804751841,158.1135761,170.8783722,Partly,301.2888794,1.841447278,1.477258222,UVC,6504.67724,9659.998346,30.48328018,2009
22.2,28.7,10,5239.274902,21667,Low,Islandwlagoon,Forereef,205.7666203,99.36004823,6.800198791,158.1126778,170.8783722,Partly,301.2885742,1.841447278,1.477258222,UVC,6504.67724,9659.998346,37.01499558,2009
23.7,10,10,5393.514648,20164,Low,Islandwlagoon,Forereef,221.0206767,99.36004823,6.814768698,158.1153728,170.8783722,Partly,301.2861633,1.841447278,1.477258222,UVC,7156.574802,9659.998346,30.49654007,2009
21.3,0,10,5646.237793,31557,Low,Atoll,Forereef,1.495696525,99.5765609,6.816589967,157.9752356,167.3242645,None,301.3488464,1.841447278,1.477258222,UVC,37.35370132,9656.202105,100.2715225,2009
23.6,11.2,10,6303.173828,34214,Low,Atoll,Forereef,0.714766132,101.515516,6.807483691,157.9527777,167.3242645,None,301.3436584,1.841447278,1.477258222,UVC,13.68008976,9656.202105,1021.1521,2009
23.8,8.2,10,3104.834961,36848,Low,Atoll,Forereef,0.767901916,99.75755535,6.745565462,157.9680491,167.3242645,None,301.3791504,1.841447278,1.477258222,UVC,13.68008976,9656.202105,1186.442871,2009
22.7,43.6,10,5288.666992,21498,Low,Islandwlagoon,Forereef,205.434001,99.36004823,6.802020006,158.1126778,170.8783722,Partly,301.2888794,1.841447278,1.477258222,UVC,6504.67724,9659.998346,37.03071976,2009
23.7,14.4,10,4197.618164,19241,Low,Islandwlagoon,Forereef,228.3938384,99.36004823,6.825696411,158.1144745,177.1345062,None,301.2814636,1.841447278,1.477258222,UVC,7670.027651,9659.998346,30.88440895,2009
21.2,23.2,10,1838.477661,15498,Low,Islandwlagoon,Forereef,251.4071564,99.36004823,6.919502648,158.0857284,173.9756012,None,301.2182617,1.841447278,1.477258222,UVC,7867.842675,9659.998346,54.2033577,2009
35.7,29.3,3,7451.845215,388781,None,Atoll,Forereef,7.595885034,5.736382619,10.29226098,169.8545569,150.6483765,None,299.9767151,NA,NA,UVC,36.6212069,256.2999708,8.753815651,2014
33.1,49.3,10,7451.845215,388781,None,Atoll,Forereef,7.595885034,5.736382619,10.29226098,169.8545569,150.6483765,None,299.9767151,NA,NA,UVC,36.6212069,256.2999708,8.753815651,2014
41.8,20,10,1019.803894,397559,None,Atoll,Forereef,7.38792977,5.660524097,10.40896545,169.9138457,146.2877502,None,299.9710693,NA,NA,UVC,36.61726777,251.580367,9.173589706,2014
30.8,47.3,3,1019.803894,397559,None,Atoll,Forereef,7.38792977,5.660524097,10.40896545,169.9138457,146.2877502,None,299.9710693,NA,NA,UVC,36.61726777,251.580367,9.173589706,2014
35.1,18.3,10,1562.049927,390046,None,Atoll,Forereef,7.848070497,5.73763062,10.32533827,169.8967777,146.256546,None,299.9628296,NA,NA,UVC,43.36317655,256.2999708,11.59821892,2014
26.8,8,3,1562.049927,390046,None,Atoll,Forereef,7.848070497,5.73763062,10.32533827,169.8967777,146.256546,None,299.9628296,NA,NA,UVC,43.36317655,256.2999708,11.59821892,2014
23,3,10,11240.10645,37020,None,Atoll,Forereef,400.9526424,43.63992157,7.221081804,171.0565028,182.5126038,None,300.3855896,2.973044811,-0.424016314,UVC,1663.140705,2196.265075,1328.853027,2014
32.2,8.3,3,11240.10645,37020,None,Atoll,Forereef,400.9526424,43.63992157,7.221081804,171.0565028,182.5126038,None,300.3855896,2.973044811,-0.424016314,UVC,1663.140705,2196.265075,1328.853027,2014
27.1,5.3,10,13514.80664,37682,None,Atoll,Forereef,387.3423822,40.64828743,7.143618648,171.0268583,188.848938,None,300.3760376,2.973044811,-0.424016314,UVC,1680.945735,2230.365959,39.82841873,2014
45,32.3,10,NA,3330,None,Atoll,Forereef,58.15917403,44.87495039,7.103525101,171.3825912,189.6029205,None,300.3349304,2.973044811,-0.424016314,UVC,132.9789252,2153.991587,2804.427979,2014
24.1,9.3,3,NA,3330,None,Atoll,Forereef,58.15917403,44.87495039,7.103525101,171.3825912,189.6029205,None,300.3349304,2.973044811,-0.424016314,UVC,132.9789252,2153.991587,2804.427979,2014
25.6,36,10,5108.815918,679250,None,Atoll,Forereef,0.101690505,0.248087669,11.16722301,166.7571658,141.861145,None,299.8002625,NA,NA,UVC,0.592599617,14.10723085,25.50196648,2014
27.2,37,3,5108.815918,679250,None,Atoll,Forereef,0.101690505,0.248087669,11.16722301,166.7571658,141.861145,None,299.8002625,NA,NA,UVC,0.592599617,14.10723085,25.50196648,2014
35.4,27.7,10,8273.451172,673209,None,Atoll,Forereef,0.045633189,0.258711384,11.36353781,167.0059991,142.3973694,None,299.7199402,NA,NA,UVC,0.346922134,14.10723085,12.56129837,2014
39.1,48.7,3,8273.451172,673209,None,Atoll,Forereef,0.045633189,0.258711384,11.36353781,167.0059991,142.3973694,None,299.7199402,NA,NA,UVC,0.346922134,14.10723085,12.56129837,2014
20.8,16,21.4,NA,674092,None,Atoll,Forereef,0,0,7.246601902,144.4627771,163.3744354,None,301.0934143,NA,NA,Video,0,0,1384.164551,2011
22.5,12.1,21.6,NA,672325,None,Atoll,Forereef,0,0,7.263008422,144.4546922,163.3744354,None,301.0929871,NA,NA,Video,0,0,1407.107056,2011
21.6,76.5,19,3765.634033,7368,None,Island,Forereef,274.393839,274.393839,5.359753464,163.0246658,180.9048157,None,300.9771118,1.841447278,1.477258222,Video,2204.07844,2204.07844,1925.137573,2012
18.4,83.8,7.1,3765.634033,7368,None,Island,Forereef,274.393839,274.393839,5.359753464,163.0246658,180.9048157,None,300.9771118,1.841447278,1.477258222,Video,2204.07844,2204.07844,1925.137573,2012
20.2,78.7,8,5162.36377,10830,None,Island,Forereef,274.393839,274.393839,5.278017631,163.0246658,181.7319489,None,301.0041199,1.841447278,1.477258222,Video,2204.07844,2204.07844,1917.64624,2012
24.4,80.5,19.4,5162.36377,10830,None,Island,Forereef,274.393839,274.393839,5.278017631,163.0246658,181.7319489,None,301.0041199,1.841447278,1.477258222,Video,2204.07844,2204.07844,1917.64624,2012
22.7,87,19.3,7494.664551,9459,None,Island,Forereef,274.393839,274.393839,5.267120315,162.9788517,181.7319489,None,301.0174561,1.841447278,1.477258222,Video,2204.07844,2204.07844,32.84634018,2012
21.6,87.7,8.3,7494.664551,9459,None,Island,Forereef,274.393839,274.393839,5.267120315,162.9788517,181.7319489,None,301.0174561,1.841447278,1.477258222,Video,2204.07844,2204.07844,32.84634018,2012
22.6,8.1,6.5,4263.80127,3471,None,Island,Forereef,274.393839,274.393839,5.371560628,162.982445,180.9048157,None,300.9689636,1.841447278,1.477258222,Video,2204.07844,2204.07844,692.4723511,2012
22.3,16,18,4263.80127,3471,None,Island,Forereef,274.393839,274.393839,5.371560628,162.982445,180.9048157,None,300.9689636,1.841447278,1.477258222,Video,2204.07844,2204.07844,692.4723511,2012
22,71.6,19.3,2500,7601,None,Island,Forereef,274.393839,274.393839,5.313435195,162.9015966,179.7165375,None,301.0250854,1.841447278,1.477258222,Video,2204.07844,2204.07844,51.1725769,2012
20.7,74.7,8.4,2500,7601,None,Island,Forereef,274.393839,274.393839,5.313435195,162.9015966,179.7165375,None,301.0250854,1.841447278,1.477258222,Video,2204.07844,2204.07844,51.1725769,2012
20.9,77.9,19,4701.063477,9847,None,Island,Forereef,274.393839,274.393839,5.277109514,162.9087831,179.7165375,None,301.0377502,1.841447278,1.477258222,Video,2204.07844,2204.07844,71.99723053,2012
19.9,87.7,8.3,4701.063477,9847,None,Island,Forereef,274.393839,274.393839,5.277109514,162.9087831,179.7165375,None,301.0377502,1.841447278,1.477258222,Video,2204.07844,2204.07844,71.99723053,2012
18.5,18.8,21.1,3465.544678,607900,None,Atoll,Forereef,0,0.673861757,7.448990054,146.3797819,162.0723419,None,301.131012,NA,NA,Video,0,115.5618522,1006.473999,2011
26.7,5.8,21.6,3701.351074,607201,None,Atoll,Forereef,0,0.675247293,7.452637515,146.3860701,162.0723419,None,301.1304932,NA,NA,Video,0,115.5618522,1451.423096,2011
19.6,5.1,9,2308.679199,609700,None,Atoll,Forereef,0,0.6715568,7.450813781,146.3636122,162.0723419,None,301.1322021,NA,NA,Video,0,115.5618522,217.1720581,2011
25.6,6.4,22,NA,534836,None,Bank,Forereef,153.0722667,0.560061005,7.38789947,147.0364504,155.5795593,None,301.1365967,NA,NA,Video,115.5618522,115.5618522,1591.28894,2011
26.6,6.7,22,NA,534238,None,Bank,Forereef,153.0722667,0.556720784,7.386075997,147.0418403,155.5795593,None,301.1359863,NA,NA,Video,115.5618522,115.5618522,1528.96228,2011
28.7,6.2,8.1,NA,534347,None,Bank,Forereef,153.0722667,0.5594452,7.3796939,147.0409419,155.5795593,None,301.1342773,NA,NA,Video,115.5618522,115.5618522,1578.715332,2011
20.1,53.1,8.8,NA,292939,None,Atoll,Forereef,0,2.542393176,8.148949071,140.3871206,160.9179688,None,301.009552,NA,NA,Video,0,83.55804175,1287.830811,2011
21.1,8.1,8,3577.70874,11744,Low,Islandwlagoon,Forereef,85.9971631,15.90897669,9.602984312,138.1907398,150.4783936,None,300.9150391,1.841447278,1.477258222,Video,2753.472808,2970.760749,1488.319336,2012
20.5,30.7,18.9,3577.70874,11744,Low,Islandwlagoon,Forereef,85.9971631,15.90897669,9.602984312,138.1907398,150.4783936,None,300.9150391,1.841447278,1.477258222,Video,2753.472808,2970.760749,1488.319336,2012
21.6,13.3,7.8,2692.58252,9588,Low,Islandwlagoon,Forereef,82.92483426,15.89617784,9.543392178,138.2078078,149.0866089,None,300.9541321,1.841447278,1.477258222,Video,2890.928786,2970.760749,1503.550659,2012
20.9,49.2,19.5,2692.58252,9588,Low,Islandwlagoon,Forereef,82.92483426,15.89617784,9.543392178,138.2078078,149.0866089,None,300.9541321,1.841447278,1.477258222,Video,2890.928786,2970.760749,1503.550659,2012
23.1,22.3,7.9,2789.265137,4441,Low,Islandwlagoon,Forereef,77.12761124,17.80631602,9.494809181,138.1575021,152.602005,Notake,300.9577332,1.841447278,1.477258222,Video,2906.191849,2970.760749,1061.302856,2012
19.7,74.6,19.8,2789.265137,4441,Low,Islandwlagoon,Forereef,77.12761124,17.80631602,9.494809181,138.1575021,152.602005,Notake,300.9577332,1.841447278,1.477258222,Video,2906.191849,2970.760749,1061.302856,2012
24.9,14.6,7.8,5515.433106,8919,Low,Islandwlagoon,Forereef,87.1203885,18.04565148,9.44806584,138.0847386,152.602005,None,300.9623108,1.841447278,1.477258222,Video,2804.764548,2957.120273,1162.522705,2012
20.8,26.5,19.8,5515.433106,8919,Low,Islandwlagoon,Forereef,87.1203885,18.04565148,9.44806584,138.0847386,152.602005,None,300.9623108,1.841447278,1.477258222,Video,2804.764548,2957.120273,1162.522705,2012
21.8,22.9,20.2,2236.067871,11735,Low,Islandwlagoon,Forereef,83.10643912,17.83401389,9.62590708,138.1332476,154.6435089,None,300.8822021,1.841447278,1.477258222,Video,2809.262744,2970.760749,396.7662048,2012
26.9,17.2,7.4,2236.067871,11735,Low,Islandwlagoon,Forereef,83.10643912,17.83401389,9.62590708,138.1332476,154.6435089,None,300.8822021,1.841447278,1.477258222,Video,2809.262744,2970.760749,396.7662048,2012
20.1,17.5,19.8,943.3981323,7543,Low,Islandwlagoon,Forereef,77.1538117,17.85973702,9.585564019,138.1080948,154.6435089,None,300.8928528,1.841447278,1.477258222,Video,2906.191849,2970.760749,401.0365906,2012
25.1,24.1,8.3,943.3981323,7543,Low,Islandwlagoon,Forereef,77.1538117,17.85973702,9.585564019,138.1080948,154.6435089,None,300.8928528,1.841447278,1.477258222,Video,2906.191849,2970.760749,401.0365906,2012
24,53.8,19.4,5077.400879,7809,Low,Islandwlagoon,Forereef,78.29077325,17.97128297,9.506725143,138.0559925,155.9510651,None,300.9602966,1.841447278,1.477258222,Video,2906.191849,2932.343489,400.1802673,2012
24.3,23.3,8.6,5077.400879,7809,Low,Islandwlagoon,Forereef,78.29077325,17.97128297,9.506725143,138.0559925,155.9510651,None,300.9602966,1.841447278,1.477258222,Video,2906.191849,2932.343489,400.1802673,2012
25.1,18.2,7.8,10159.72461,12843,Low,Islandwlagoon,Forereef,100.7246955,18.85707413,9.442567031,138.0371279,156.0120697,Notake,300.9975891,1.841447278,1.477258222,Video,2439.468347,2932.343489,405.5743408,2012
21.9,63,19.3,10159.72461,12843,Low,Islandwlagoon,Forereef,100.7246955,18.85707413,9.442567031,138.0371279,156.0120697,Notake,300.9975891,1.841447278,1.477258222,Video,2439.468347,2932.343489,405.5743408,2012
36,32.5,7.6,NA,377124,None,Island,Forereef,0.171581313,0.108326293,18.78920338,145.6979606,162.6170502,None,299.4587097,NA,NA,SPC,6.589721469,12.79456368,1592.625,2011
41.3,15,7.6,NA,377155,None,Island,Forereef,0.171581313,0.108137044,18.78824943,145.6395701,162.5884094,None,299.4847412,NA,NA,SPC,6.589721469,12.79456368,103.1065292,2011
35.6,35,7,NA,375721,None,Island,Forereef,0.171581313,0.105699529,18.7758486,145.7006555,162.6170502,None,299.4648132,NA,NA,SPC,6.589721469,12.79456368,1629.440186,2011
25.5,10,7.3,NA,376525,None,Island,Forereef,0.171581313,0.106098121,18.78347978,145.6979606,162.6170502,None,299.4618835,NA,NA,SPC,6.589721469,12.79456368,1592.466675,2011
34.3,22.5,3.2,NA,371739,None,Island,Forereef,0.171581313,0.105699529,18.73769777,145.6880791,162.6170502,None,299.4665222,NA,NA,SPC,6.589721469,12.79456368,1586.684204,2011
21.3,3,1.7,NA,374359,None,Island,Forereef,0.171581313,0.105699529,18.76154105,145.6386718,162.5884094,None,299.4913635,NA,NA,SPC,6.589721469,12.79456368,77.46362305,2011
25,3.5,1.5,NA,378335,None,Island,Forereef,0.171581313,0.105268102,18.79969715,145.6458583,162.5884094,None,299.4763794,NA,NA,SPC,6.589721469,12.79456368,105.1185379,2011
32.5,1,1.2,NA,373930,None,Island,Forereef,0.171581313,0.105699529,18.75867968,145.6943673,162.6170502,None,299.4671326,NA,NA,SPC,6.589721469,12.79456368,1066.998413,2011
21,3,1.8,NA,372332,None,Island,Forereef,0.171581313,0.105699529,18.74341986,145.6925707,162.6170502,None,299.46521,NA,NA,SPC,6.589721469,12.79456368,1567.556274,2011
47.5,40,4.6,NA,370382,None,Island,Forereef,0.171581313,0.105699529,18.72434697,145.6665196,161.8956299,None,299.4743958,NA,NA,SPC,6.589721469,12.79456368,1107.600342,2011
31.5,37.5,7.6,NA,254413,None,Island,Undetermined,0,0.068763686,17.62067586,145.8300129,155.413269,None,299.7482605,NA,NA,SPC,0,16.51360453,1535.358398,2011
26,70.5,6.7,NA,253057,None,Island,Undetermined,0,0.068763686,17.60835583,145.8165382,156.4159393,None,299.7435303,NA,NA,SPC,0,16.51360453,105.4896393,2011
36,19.5,5.8,NA,249996,None,Island,Undetermined,0,0.068763686,17.57898061,145.8255214,154.1032104,None,299.7385864,NA,NA,SPC,0,16.51360453,1122.656738,2011
36.7,20,3.4,NA,254078,None,Island,Undetermined,0,0.068763686,17.6178327,145.8219281,156.4159393,None,299.7463074,NA,NA,SPC,0,16.51360453,627.8168335,2011
29.7,16.5,3.4,NA,250051,None,Island,Undetermined,0,0.068763686,17.57898061,145.8371995,154.1032104,None,299.7406921,NA,NA,SPC,0,16.51360453,1117.413086,2011
25,20,7.3,NA,473847,None,Island,Undetermined,0,0.124843977,19.70172227,145.4158896,162.2560272,None,298.7830505,NA,NA,SPC,0,12.79456368,1420.103271,2011
45,45,6.4,NA,474169,None,Island,Undetermined,0,0.124843977,19.70459972,145.4131947,162.2560272,None,298.7816772,NA,NA,SPC,0,12.79456368,1420.084106,2011
25,13.75,7.9,NA,474492,None,Island,Undetermined,0,0.124843977,19.70651804,145.3988216,161.8890381,None,298.7788391,NA,NA,SPC,0,12.79456368,495.9801636,2011
25.3,21,6.7,NA,472778,None,Island,Undetermined,0,0.124843977,19.6892539,145.3898385,161.4467468,None,298.782135,NA,NA,SPC,0,12.79456368,94.6497879,2011
33,45,8.1,NA,473659,None,Island,Undetermined,0,0.124843977,19.69788574,145.3916351,161.4467468,None,298.7800903,NA,NA,SPC,0,12.79456368,147.151947,2011
30.5,17.5,3.7,NA,474537,None,Island,Undetermined,0,0.124843977,19.70747722,145.4051098,161.8890381,None,298.7795105,NA,NA,SPC,0,12.79456368,1128.767334,2011
32.7,17.5,3.4,NA,474399,None,Island,Undetermined,0,0.124843977,19.70651804,145.4096014,161.8890381,None,298.7804871,NA,NA,SPC,0,12.79456368,1123.02063,2011
25,3.5,2.7,NA,473433,None,Island,Undetermined,0,0.124843977,19.69788574,145.4176862,161.8766327,None,298.7846375,NA,NA,SPC,0,12.79456368,1408.449707,2011
36,17.5,3.4,NA,473850,None,Island,Undetermined,0,0.124843977,19.69980399,145.3925334,161.4467468,None,298.7796936,NA,NA,SPC,0,12.79456368,149.3860626,2011
27.4,20,4.3,NA,471981,None,Island,Undetermined,0,0.124843977,19.68158153,145.3898385,161.4467468,None,298.7842407,NA,NA,SPC,0,12.79456368,338.5311584,2011
25,41.25,4,NA,471315,None,Island,Undetermined,0,0.124843977,19.67678648,145.4087031,161.4467468,None,298.7883301,NA,NA,SPC,0,12.79456368,953.0742188,2011
32.5,17.5,3.7,NA,472189,None,Island,Undetermined,0,0.124843977,19.68349959,145.3889401,161.4467468,None,298.7835693,NA,NA,SPC,0,12.79456368,404.4418335,2011
23.3,5.5,1.4,NA,471518,None,Island,Undetermined,0,0.124843977,19.67774548,145.397025,161.4467468,None,298.786377,NA,NA,SPC,0,12.79456368,325.4121704,2011
29.1,22.5,2.4,NA,473368,None,Island,Undetermined,0,0.124843977,19.69500841,145.3907368,161.4467468,None,298.7807312,NA,NA,SPC,0,12.79456368,147.151947,2011
40.8,25,1.2,NA,472380,None,Island,Undetermined,0,0.124843977,19.68541767,145.3898385,161.4467468,None,298.7832031,NA,NA,SPC,0,12.79456368,94.90067291,2011
20.7,1,1.5,NA,471286,None,Island,Undetermined,0,0.124843977,19.67582749,145.4006182,161.4467468,None,298.7874146,NA,NA,SPC,0,12.79456368,959.7142334,2011
23.8,6,1.5,NA,472986,None,Island,Undetermined,0,0.124843977,19.69117205,145.3889401,161.4467468,None,298.7814636,NA,NA,SPC,0,12.79456368,169.6219025,2011
30.5,40,7.3,NA,567342,None,Island,Undetermined,0,0.016835222,20.53737582,144.8867819,161.3097076,None,298.5761414,NA,NA,SPC,0,0.407847511,320.6577759,2011
22,21,7,NA,566897,None,Island,Undetermined,0,0.024915885,20.53448337,144.8948667,161.3097076,None,298.5722351,NA,NA,SPC,0,0.645840415,1404.781982,2011
22.5,42.5,8.8,NA,566946,None,Island,Undetermined,0,0.024836661,20.53544751,144.8975617,161.3097076,None,298.5704346,NA,NA,SPC,0,0.645840415,1404.781982,2011
30.3,30,4.4,NA,567193,None,Island,Undetermined,0,0.034092476,20.53833998,144.9002566,161.3097076,None,298.5683289,NA,NA,SPC,0,0.876658168,1397.290405,2011
22.3,10,3,NA,567653,None,Island,Undetermined,0,0.011964683,20.54316087,144.9020533,161.3097076,None,298.5664978,NA,NA,SPC,0,0.296779443,1343.076172,2011
24.8,25,5.2,NA,568098,None,Island,Undetermined,0,0.012463212,20.54798192,144.9047482,161.3097076,None,298.5644531,NA,NA,SPC,0,0.296779443,1415.147461,2011
29.3,22.5,5.2,NA,567441,None,Island,Undetermined,0,0.017038756,20.53833998,144.8867819,161.3097076,None,298.5758362,NA,NA,SPC,0,0.407847511,319.1266785,2011
35,10,1.8,NA,568656,None,Island,Undetermined,0,0,20.55183886,144.895765,161.3097076,None,298.5677795,NA,NA,SPC,0,0,1132.370728,2011
21.7,6.25,1.8,NA,568444,None,Island,Undetermined,0,0.001877232,20.54798192,144.8858836,161.3097076,None,298.5732422,NA,NA,SPC,0,0.039812245,166.2913666,2011
30.3,35,7,NA,220449,None,Island,Undetermined,0,0.068763686,17.29778151,145.8479793,152.6945953,None,299.8449402,NA,NA,SPC,0,16.51360453,1751.99292,2011
24.3,38.5,6.4,NA,221470,None,Island,Undetermined,0,0.068763686,17.30724263,145.8515725,152.6945953,None,299.8424377,NA,NA,SPC,0,16.51360453,1700.444336,2011
35.5,32.5,7,NA,222934,None,Island,Undetermined,0,0.068763686,17.32143521,145.8461826,152.6945953,None,299.833313,NA,NA,SPC,0,16.51360453,1562.927979,2011
22.5,30,4.9,NA,220238,None,Island,Undetermined,0,0.068763686,17.29588934,145.8461826,152.6945953,None,299.8449097,NA,NA,SPC,0,16.51360453,1765.896118,2011
29.3,9.25,2.9,NA,220485,None,Island,Undetermined,0,0.068763686,17.2987276,145.8371995,152.6945953,None,299.8389893,NA,NA,SPC,0,16.51360453,228.6274872,2011
29.7,14.25,4.1,NA,220965,None,Island,Undetermined,0,0.068763686,17.30251201,145.8506742,152.6945953,None,299.8441772,NA,NA,SPC,0,16.51360453,1752.014648,2011
21.5,29,4.6,NA,222667,None,Island,Undetermined,0,0.068763686,17.31954281,145.8345045,152.6945953,None,299.8285522,NA,NA,SPC,0,16.51360453,624.3433838,2011
20.3,1,1.5,NA,221454,None,Island,Undetermined,0,0.068763686,17.30818877,145.8318096,152.6945953,None,299.8321533,NA,NA,SPC,0,16.51360453,141.2161865,2011
30,15,1.8,NA,222153,None,Island,Undetermined,0,0.068763686,17.31481188,145.8318096,152.6945953,None,299.8293152,NA,NA,SPC,0,16.51360453,141.8935089,2011
24.7,10,1.5,NA,220859,None,Island,Undetermined,0,0.068763686,17.30251201,145.8327079,152.6945953,None,299.8350525,NA,NA,SPC,0,16.51360453,238.6786194,2011
30,40,7.9,NA,508084,None,Island,Forereef,0,0.11054025,20.01374181,145.2344299,161.9684143,None,298.7532959,NA,NA,SPC,0,6.589721469,1398.887207,2011
23.9,62.5,8.8,NA,509470,None,Island,Forereef,0,0.11054025,20.02431299,145.2110737,161.9684143,None,298.7492065,NA,NA,SPC,0,6.589721469,226.2200012,2011
35,55,6.4,NA,508825,None,Island,Forereef,0,0.11054025,20.02142987,145.2389215,161.9684143,None,298.7486877,NA,NA,SPC,0,6.589721469,1387.503418,2011
23.8,60,6.9,NA,508835,None,Island,Forereef,0,0.11054025,20.02046885,145.2299383,161.9684143,None,298.7499084,NA,NA,SPC,0,6.589721469,115.0491714,2011
25,57.5,6.4,NA,509929,None,Island,Forereef,0,0.11054025,20.03104047,145.2299383,161.9684143,None,298.743988,NA,NA,SPC,0,6.589721469,1176.965088,2011
25,27.5,7,NA,508339,None,Island,Forereef,0,0.11054025,20.01662479,145.2380232,161.9684143,None,298.7514343,NA,NA,SPC,0,6.589721469,1410.637207,2011
32.5,22.5,7.6,NA,507934,None,Island,Forereef,0,0.11054025,20.00989792,145.214667,161.9684143,None,298.7569885,NA,NA,SPC,0,6.589721469,956.8004761,2011
38,65,6.7,NA,509218,None,Island,Forereef,0,0.11054025,20.02142987,145.2074805,161.9684143,None,298.7511292,NA,NA,SPC,0,6.589721469,168.6647034,2011
34,70,7,NA,510418,None,Island,Forereef,0,0.11054025,20.03392376,145.214667,161.9684143,None,298.7435608,NA,NA,SPC,0,6.589721469,576.0739136,2011
35,45,4.3,NA,510077,None,Island,Forereef,0,0.11054025,20.03007939,145.2101754,161.9684143,None,298.7459717,NA,NA,SPC,0,6.589721469,573.7645264,2011
25.5,1,1.5,NA,509802,None,Island,Forereef,0,0.11054025,20.02719616,145.2083788,161.9684143,None,298.7477112,NA,NA,SPC,0,6.589721469,574.0358276,2011
32.8,37.5,3.5,NA,510330,None,Island,Forereef,0,0.11054025,20.03296266,145.2137687,161.9684143,None,298.7441406,NA,NA,SPC,0,6.589721469,579.6343994,2011
26.7,57.5,3.8,NA,509317,None,Island,Forereef,0,0.11054025,20.02239091,145.2074805,161.9684143,None,298.7505798,NA,NA,SPC,0,6.589721469,168.6647034,2011
24.6,30,4.1,NA,509984,None,Island,Forereef,0,0.11054025,20.03104047,145.2254468,161.9684143,None,298.7443542,NA,NA,SPC,0,6.589721469,31.93294144,2011
26.2,13.25,3.5,NA,508622,None,Island,Forereef,0,0.11054025,20.01566379,145.2074805,161.9684143,None,298.7544861,NA,NA,SPC,0,6.589721469,168.3330536,2011
24,2,4.3,NA,508076,None,Island,Forereef,0,0.11054025,20.01181985,145.2191586,161.9684143,None,298.7555847,NA,NA,SPC,0,6.589721469,731.0527954,2011
30.7,43.75,2.6,NA,509019,None,Island,Forereef,0,0.11054025,20.01950782,145.2074805,161.9684143,None,298.7522583,NA,NA,SPC,0,6.589721469,168.3052673,2011
24.3,35,4.6,NA,508427,None,Island,Forereef,0,0.11054025,20.0175858,145.2389215,161.9684143,None,298.750824,NA,NA,SPC,0,6.589721469,1410.623413,2011
25.7,42.5,3,NA,510393,None,Island,Forereef,0,0.11054025,20.03488487,145.2245484,161.9684143,None,298.7422485,NA,NA,SPC,0,6.589721469,1126.066162,2011
28.8,58.75,3.8,NA,509675,None,Island,Forereef,0,0.11054025,20.02911831,145.2344299,161.9684143,None,298.7447205,NA,NA,SPC,0,6.589721469,1440.426758,2011
30,35,4.6,NA,510116,None,Island,Forereef,0,0.11054025,20.03296266,145.2308367,161.9684143,None,298.7428589,NA,NA,SPC,0,6.589721469,1391.161377,2011
15,16,3.7,NA,507930,None,Island,Forereef,0,0.11054025,20.01181985,145.2308367,161.9684143,None,298.7546692,NA,NA,SPC,0,6.589721469,940.9996338,2011
25.8,37.5,5.2,NA,509035,None,Island,Forereef,0,0.11054025,20.02335195,145.2380232,161.9684143,None,298.7476807,NA,NA,SPC,0,6.589721469,1394.079468,2011
26.6,15,4.3,NA,509470,None,Island,Forereef,0,0.11054025,20.02431299,145.2110737,161.9684143,None,298.7492065,NA,NA,SPC,0,6.589721469,226.2200012,2011
22.8,17.5,4.4,NA,508835,None,Island,Forereef,0,0.11054025,20.02046885,145.2299383,161.9684143,None,298.7499084,NA,NA,SPC,0,6.589721469,115.0491714,2011
33.3,17.5,1.4,NA,508641,None,Island,Forereef,0,0.11054025,20.01662479,145.2137687,161.9684143,None,298.7532959,NA,NA,SPC,0,6.589721469,81.32965851,2011
31,20,1.8,NA,510154,None,Island,Forereef,0,0.11054025,20.03104047,145.211972,161.9684143,None,298.7453613,NA,NA,SPC,0,6.589721469,581.7349243,2011
19,1.5,0.9,NA,508297,None,Island,Forereef,0,0.11054025,20.01374181,145.2173619,161.9684143,None,298.7546387,NA,NA,SPC,0,6.589721469,653.2374878,2011
27.7,17.5,0.9,NA,508400,None,Island,Forereef,0,0.11054025,20.01374181,145.2092771,161.9684143,None,298.7553711,NA,NA,SPC,0,6.589721469,102.6943359,2011
18.3,4.5,1.8,NA,510560,None,Island,Forereef,0,0.11054025,20.03584598,145.2191586,161.9684143,None,298.7421265,NA,NA,SPC,0,6.589721469,1142.500977,2011
22,4,7,NA,300501,None,Island,Undetermined,0.144734031,0.102108448,18.05999924,145.741978,157.947876,None,299.5846863,NA,NA,SPC,6.204842624,16.51360453,1176.883789,2011
36.3,10,6.1,NA,299420,None,Island,Undetermined,0.144734031,0.102108448,18.04954942,145.7051471,157.682312,None,299.6157227,NA,NA,SPC,6.204842624,16.51360453,169.9923859,2011
26,57.5,7.3,NA,303400,None,Island,Undetermined,0.144734031,0.102108448,18.08755166,145.7329949,157.682312,None,299.5787659,NA,NA,SPC,6.204842624,16.51360453,64.78166962,2011
24,5.5,5.8,NA,312060,None,Island,Undetermined,0.144734031,0.102108448,18.16928372,145.7913854,159.4924622,None,299.539978,NA,NA,SPC,6.204842624,16.51360453,1422.137207,2011
31.8,7.5,6.6,NA,306589,None,Island,Undetermined,0.144734031,0.102108448,18.11700892,145.8030635,157.947876,None,299.5332642,NA,NA,SPC,6.204842624,16.51360453,1571.896362,2011
32.3,32.5,8.8,NA,300000,None,Island,Undetermined,0.144734031,0.102108448,18.05524924,145.7383848,157.682312,None,299.5895386,NA,NA,SPC,6.204842624,16.51360453,1178.944458,2011
27,9,7,NA,312135,None,Island,Undetermined,0.144734031,0.102108448,18.17023431,145.778809,159.4924622,None,299.5455017,NA,NA,SPC,6.204842624,16.51360453,1429.613159,2011
33.3,2,6.7,NA,304871,None,Island,Undetermined,0.144734031,0.102108448,18.10085434,145.795877,157.947876,None,299.5401611,NA,NA,SPC,6.204842624,16.51360453,1154.314575,2011
20,17.5,6.1,NA,312147,None,Island,Undetermined,0.144734031,0.102108448,18.17023431,145.7850972,159.4924622,None,299.542572,NA,NA,SPC,6.204842624,16.51360453,1430.692993,2011
32.4,20,6.9,NA,302607,None,Island,Undetermined,0.144734031,0.102108448,18.07995057,145.7186218,157.682312,None,299.5901184,NA,NA,SPC,6.204842624,16.51360453,156.2602692,2011
40,7,3.9,NA,309506,None,Island,Undetermined,0.144734031,0.102108448,18.14552056,145.7545545,159.4924622,None,299.5562134,NA,NA,SPC,6.204842624,16.51360453,100.8607101,2011
23.9,3.5,4,NA,304505,None,Island,Undetermined,0.144734031,0.102108448,18.09800369,145.7518595,157.947876,None,299.5647583,NA,NA,SPC,6.204842624,16.51360453,49.95746231,2011
29.5,20,6.4,NA,302104,None,Island,Undetermined,0.144734031,0.102108448,18.07520005,145.7500629,157.947876,None,299.5723877,NA,NA,SPC,6.204842624,16.51360453,1117.537598,2011
23,6.5,4.9,NA,300514,None,Island,Undetermined,0.144734031,0.102108448,18.05999924,145.710537,157.682312,None,299.605835,NA,NA,SPC,6.204842624,16.51360453,138.1199493,2011
27.4,10,4.3,NA,310998,None,Island,Undetermined,0.144734031,0.102108448,18.15882754,145.8066567,159.4924622,None,299.5336609,NA,NA,SPC,6.204842624,16.51360453,1569.561523,2011
23.5,12.5,4,NA,311872,None,Island,Undetermined,0.144734031,0.102108448,18.16738255,145.7967753,159.4924622,None,299.5379639,NA,NA,SPC,6.204842624,16.51360453,1422.203003,2011
32,12.5,5,NA,304013,None,Island,Undetermined,0.144734031,0.102108448,18.09325269,145.761741,157.947876,None,299.5605469,NA,NA,SPC,6.204842624,16.51360453,1107.71582,2011
32.5,17.5,1.5,NA,300314,None,Island,Undetermined,0.144734031,0.102108448,18.05809922,145.710537,157.682312,None,299.6069641,NA,NA,SPC,6.204842624,16.51360453,137.4739685,2011
27,25,0.9,NA,299914,None,Island,Undetermined,0.144734031,0.102108448,18.05429926,145.710537,157.682312,None,299.6092529,NA,NA,SPC,6.204842624,16.51360453,136.4819946,2011
28.3,6.5,3.8,NA,307296,None,Island,Undetermined,0.144734031,0.102108448,18.12366123,145.8057584,157.947876,None,299.5317993,NA,NA,SPC,6.204842624,16.51360453,1571.9104,2011
25,33.75,1.5,NA,305455,None,Island,Undetermined,0.144734031,0.102108448,18.10655579,145.7886904,157.947876,None,299.5437622,NA,NA,SPC,6.204842624,16.51360453,229.6388092,2011
37.7,21.25,4.3,NA,307907,None,Island,Undetermined,0.144734031,0.102108448,18.12936341,145.8093517,159.4924622,None,299.5302124,NA,NA,SPC,6.204842624,16.51360453,1571.959839,2011
21.7,7,1.2,NA,307009,None,Island,Undetermined,0.144734031,0.102108448,18.12176055,145.7572494,157.947876,None,299.556488,NA,NA,SPC,6.204842624,16.51360453,53.94895554,2011
31.7,31.25,1.5,NA,305638,None,Island,Undetermined,0.144734031,0.102108448,18.10845632,145.7797073,157.947876,None,299.5480042,NA,NA,SPC,6.204842624,16.51360453,184.3161774,2011
32.7,27.5,1.5,NA,303600,None,Island,Undetermined,0.144734031,0.102108448,18.08945198,145.7410797,157.947876,None,299.5734253,NA,NA,SPC,6.204842624,16.51360453,54.68561554,2011
26.4,15,4,NA,311195,None,Island,Undetermined,0.144734031,0.102108448,18.16072862,145.8057584,159.4924622,None,299.5340271,NA,NA,SPC,6.204842624,16.51360453,1569.687378,2011
31.7,12.25,7.8,NA,158656,None,Island,Undetermined,0,266.7598505,16.71682202,145.7743174,148.7020721,None,300.1098022,NA,NA,SPC,0,220253.7847,1730.568237,2011
25.3,32.5,7,NA,155894,None,Island,Undetermined,0,259.4335671,16.69041335,145.7850972,148.7020721,None,300.0931702,NA,NA,SPC,0,220253.7847,1855.76062,2011
23.6,20,6.2,NA,157937,None,Island,Undetermined,0,265.3647325,16.71021952,145.7671309,148.7020721,None,300.1079407,NA,NA,SPC,0,220253.7847,705.2949219,2011
27.5,25,4.1,NA,157033,None,Island,Undetermined,0,262.3591734,16.70173092,145.7653342,148.7020721,None,300.1036072,NA,NA,SPC,0,220253.7847,136.1741638,2011
27.3,33.75,4.3,NA,156351,None,Island,Undetermined,0,260.3590742,16.69512892,145.7725208,148.7020721,None,300.0983582,NA,NA,SPC,0,220253.7847,127.0369797,2011
21.3,13.25,3.5,NA,155868,None,Island,Undetermined,0,259.1055216,16.69041335,145.7779107,148.7020721,None,300.094635,NA,NA,SPC,0,220253.7847,221.1075897,2011
30,1.25,1.1,NA,156546,None,Island,Undetermined,0,260.9328893,16.69701518,145.7707241,148.7020721,None,300.099762,NA,NA,SPC,0,220253.7847,127.277832,2011
26.3,6.25,1.4,NA,156093,None,Island,Undetermined,0,260.0159948,16.69229956,145.7850972,148.7020721,None,300.0941772,NA,NA,SPC,0,220253.7847,1782.623169,2011
19.3,2,1.5,NA,156741,None,Island,Undetermined,0,261.4835698,16.69890146,145.7689275,148.7020721,None,300.1012268,NA,NA,SPC,0,220253.7847,127.4944,2011
29,12.5,4.1,NA,47750,None,Island,Forereef,74.99315125,559.8653874,14.83437062,145.530874,136.9412231,None,300.2773743,-0.832254834,-0.746252651,SPC,9217.175768,752295.4302,200.4367218,2011
26.7,32.5,4,NA,42325,None,Island,Undetermined,83.90793255,580.5477276,14.8670886,145.576688,136.9098206,None,300.2628784,-0.832254834,-0.746252651,SPC,12331.72929,752125.9319,1354.470703,2011
27.5,15,6.1,NA,42341,None,Island,Undetermined,84.14462629,580.8628297,14.86521887,145.5802813,136.9098206,None,300.2600098,-0.832254834,-0.746252651,SPC,12331.72929,752125.9319,1354.390747,2011
26.7,27.5,3.4,NA,46058,None,Island,Forereef,90.79330664,558.6556542,14.84932681,145.5362638,140.709198,None,300.2790527,-0.832254834,-0.746252651,SPC,11455.64955,752286.5806,166.7603149,2011
20,12.5,7.3,NA,46873,None,Island,Undetermined,80.19147485,559.0569796,14.83717483,145.5425521,136.9412231,None,300.2704468,-0.832254834,-0.746252651,SPC,10005.26955,752295.4302,1406.872681,2011
26.3,1.5,6.7,NA,43822,None,Island,Undetermined,91.51740408,567.7166214,14.85213121,145.5757897,136.9098206,None,300.2562866,-0.832254834,-0.746252651,SPC,12057.77327,752189.8168,1974.696533,2011
23.5,6.5,6.1,NA,46287,None,Island,Undetermined,89.56278369,559.312087,14.83997908,145.5488403,136.9412231,None,300.2675476,-0.832254834,-0.746252651,SPC,11267.06741,752291.8775,1405.70166,2011
20,35,1.5,NA,44595,None,Island,Forereef,89.76651915,561.9154617,14.85680529,145.5506369,140.709198,None,300.2731323,-0.832254834,-0.746252651,SPC,11652.66846,752285.7409,67.92184448,2011
22.9,10,6.1,8015.609863,26566,None,Island,Forereef,1891.635743,446.5366271,13.50623777,144.8993583,129.4126282,None,300.3512573,-1.371914192,-2.327250083,SPC,785590.6979,1180060.325,1276.55603,2011
41,6,7.6,17917.86914,27103,None,Island,Forereef,1928.126763,450.1855851,13.62523158,144.8346796,131.9200897,None,300.407135,-1.371914192,-2.327250083,SPC,715197.4786,1349666.699,133.3059235,2011
21.6,20,6.9,19200,28737,None,Island,Forereef,1732.38758,449.7814579,13.63732015,144.8436628,131.9200897,None,300.4014893,-1.371914192,-2.327250083,SPC,600666.8214,1368787.713,135.6334076,2011
18.7,12.5,7.6,11352.97363,20257,None,Island,Forereef,1731.182043,443.2971999,13.55922002,144.8104251,137.4541473,None,300.4335022,-1.371914192,-2.327250083,SPC,811837.858,1187794.228,56.84662247,2011
22.1,25,7.6,11715.375,21256,None,Island,Forereef,1776.477468,438.7019131,13.56479777,144.8176116,136.7432861,None,300.4255371,-1.371914192,-2.327250083,SPC,807391.8653,1204394.313,47.40361786,2011
20,7.5,6.4,19416.48828,36227,None,Island,Forereef,1617.143616,448.5718949,13.59454792,144.9586471,126.143959,Partly,300.3269043,-1.371914192,-2.327250083,SPC,488589.3142,1379205.694,1862.839722,2011
17.6,6.5,8.8,18532.4043,32563,None,Island,Forereef,1697.840074,449.1690478,13.6187226,144.9056465,131.9200897,Partly,300.3551331,-1.371914192,-2.327250083,SPC,544756.2844,1378751.451,1794.67395,2011
19.9,68,7.3,9154.780273,8653,None,Island,Undetermined,1945.21616,447.4366096,13.48486221,144.7340683,144.5280457,None,300.4682617,-1.371914192,-2.327250083,SPC,878752.6103,1003838.531,108.4910889,2011
20.8,4.5,6.9,19289.89453,32594,None,Island,Forereef,1625.301248,448.7130738,13.62895108,144.89846,131.9200897,None,300.3605957,-1.371914192,-2.327250083,SPC,513565.7831,1379947.109,1797.849487,2011
18.6,5,7,9773.945313,9494,None,Island,Forereef,678.4412506,494.8182,13.35943447,144.6352536,136.8129425,None,300.4667358,-1.371914192,-2.327250083,SPC,348462.8956,979431.769,144.9620972,2011
36.2,7.5,6.7,824.6211548,16832,None,Island,Forereef,959.6107017,470.0316498,13.3278553,144.7744925,126.7958984,None,300.3778381,-1.371914192,-2.327250083,SPC,533263.4011,986995.4502,1891.053955,2011
19,5,8.5,NA,36859,None,Island,Forereef,1571.986607,448.1037149,13.60012648,144.9622404,126.143959,Partly,300.326355,-1.371914192,-2.327250083,SPC,461427.3657,1380869.507,1865.488037,2011
22.2,6,7.3,412.3105774,18370,None,Island,Forereef,407.0484713,495.6567134,13.27028009,144.6550166,133.33284,None,300.4487305,-1.371914192,-2.327250083,SPC,160558.094,979431.769,136.0886841,2011
27,16.25,8.3,12603.57129,30959,None,Island,Forereef,1922.713379,443.4105208,13.53040369,144.9334943,121.8603516,None,300.3346252,-1.371914192,-2.327250083,SPC,696362.0899,1283225.334,1854.726318,2011
27.8,13.5,6.9,NA,32693,None,Island,Forereef,1639.36969,447.8493305,13.64661945,144.8849853,130.5272369,None,300.3696899,-1.371914192,-2.327250083,SPC,502914.9735,1380869.507,1799.378174,2011
20.4,8.5,7,7940.402832,4441,None,Island,Undetermined,1794.54948,450.8101891,13.47371049,144.6927458,139.0405731,None,300.4942627,-1.371914192,-2.327250083,SPC,766712.7982,1003070.361,656.7495728,2011
25,5.5,6.7,3255.76416,15306,None,Island,Forereef,422.6819773,495.3514708,13.29906603,144.6532199,133.33284,None,300.4619446,-1.371914192,-2.327250083,SPC,193166.4102,979431.769,132.8335571,2011
28.6,10,6.7,18200.27539,33905,None,Island,Forereef,1609.000678,449.2225493,13.60198603,144.9307993,126.143959,Partly,300.3382568,-1.371914192,-2.327250083,SPC,513435.5747,1377890.054,1795.414307,2011
25.3,5,7.3,7624.303223,6894,None,Island,Undetermined,828.5965537,482.8787508,13.38172807,144.6442368,136.8129425,None,300.4724121,-1.371914192,-2.327250083,SPC,441035.5705,980678.0239,138.4160156,2011
23.5,7.5,7.9,NA,31092,None,Island,Forereef,1662.855573,448.5909629,13.65591912,144.8553409,130.5272369,None,300.3839417,-1.371914192,-2.327250083,SPC,509107.4236,1379947.109,716.0860596,2011
20.3,3.5,7.1,8697.701172,5280,None,Island,Undetermined,1765.328801,449.9480589,13.47928629,144.6981357,144.5280457,None,300.4920349,-1.371914192,-2.327250083,SPC,767528.8303,1003309.374,648.1589966,2011
20.5,45,6.7,5263.079102,2602,None,Island,Forereef,1547.8162,456.4855558,13.46441778,144.6702879,139.0405731,None,300.4977417,-1.371914192,-2.327250083,SPC,631730.8006,1002184.35,668.331543,2011
16.5,2.5,7.3,7376.313477,11744,None,Island,Forereef,605.2377738,495.3514708,13.33528533,144.6406435,136.8129425,None,300.4617615,-1.371914192,-2.327250083,SPC,300684.4977,979431.769,134.4979706,2011
19.2,7.5,7.1,5818.93457,13267,None,Island,Forereef,515.1817837,495.3514708,13.32042549,144.6415418,136.8129425,None,300.4623108,-1.371914192,-2.327250083,SPC,246220.9537,979431.769,138.8699799,2011
21.8,3.5,7.3,NA,32598,None,Island,Forereef,1690.538675,447.4357008,13.65498914,144.8760021,130.5272369,None,300.3739624,-1.371914192,-2.327250083,SPC,511150.2091,1380377.332,1800.07959,2011
32,6.5,6.4,1216.55249,17257,None,Island,Forereef,410.2107739,495.3514708,13.28049407,144.6568132,133.33284,None,300.4534607,-1.371914192,-2.327250083,SPC,172888.0122,979431.769,133.6367035,2011
16.5,7.5,3,8759.566406,5263,None,Island,Forereef,1756.380889,449.8715783,13.47835698,144.699034,144.5280457,None,300.4921265,-1.371914192,-2.327250083,SPC,766712.7982,1003070.361,642.0778198,2011
21,15,2.7,8575.546875,17395,None,Island,Forereef,1696.275219,448.6412365,13.5266857,144.8014419,137.4541473,Partly,300.433136,-1.371914192,-2.327250083,SPC,854205.413,1093230.703,28.33517075,2011
17.7,10,5,728.0109863,15729,None,Island,Forereef,1140.984796,466.7785261,13.34364438,144.7753908,126.7958984,None,300.3731384,-1.371914192,-2.327250083,SPC,667832.4775,995226.3455,1891.31958,2011
19.8,32.5,4.1,13829.31641,24177,None,Island,Forereef,1886.030946,440.9161109,13.58711004,144.8337813,131.9200897,None,300.4111938,-1.371914192,-2.327250083,SPC,795606.9347,1280536.501,35.89419556,2011
20.5,15,4,NA,32380,None,Island,Forereef,1713.611984,448.2028701,13.63917998,144.8876802,131.9200897,None,300.3682556,-1.371914192,-2.327250083,SPC,534167.309,1379947.109,1798.36084,2011
16.3,14,1.5,4876.474121,13926,None,Island,Forereef,587.3917681,495.3514708,13.3129959,144.6469317,136.8129425,None,300.4624329,-1.371914192,-2.327250083,SPC,278631.267,979431.769,136.2038116,2011
19,24,3,NA,29665,None,Island,Forereef,1778.389046,448.6359047,13.64475956,144.8481543,131.9200897,None,300.3938293,-1.371914192,-2.327250083,SPC,582646.0379,1373734.8,130.9910584,2011
18,7.5,4.9,2256.102783,16289,None,Island,Forereef,411.0184108,495.3514708,13.28977987,144.6541182,133.33284,None,300.4587097,-1.371914192,-2.327250083,SPC,181142.2291,979431.769,130.8980408,2011
34.7,12.5,2.7,18695.45313,34681,None,Island,Forereef,1585.269821,448.9208424,13.60198603,144.9388842,126.143959,Partly,300.3352356,-1.371914192,-2.327250083,SPC,500433.9981,1378775.352,1795.965576,2011
19.4,12.5,2.1,100,19194,None,Island,Forereef,2002.261097,445.6585726,13.45791308,144.8409678,123.6462021,None,300.3879089,-1.371914192,-2.327250083,SPC,872827.8307,1003919.391,1254.404297,2011
18.3,6.5,2.6,16923.94727,26308,None,Island,Forereef,1981.908033,449.2288754,13.61593309,144.8337813,131.9200897,None,300.4085999,-1.371914192,-2.327250083,SPC,761240.1212,1337396.786,131.3484802,2011
17.8,0.5,3.7,6122.091309,3985,None,Island,Forereef,891.3995749,463.0073747,13.40495271,144.6586098,137.6517944,None,300.4815674,-1.371914192,-2.327250083,SPC,496239.8308,993387.4343,126.0581131,2011
36,12.5,4.7,360.5551147,21999,None,Island,Forereef,413.7592102,495.3514708,13.24149747,144.7152037,128.8655548,Partly,300.4312134,-1.371914192,-2.327250083,SPC,152247.0967,979431.769,1331.310547,2011
21.9,20,4.6,8160.882324,4640,None,Island,Undetermined,1781.853693,450.5482156,13.47463978,144.6945424,139.0405731,None,300.4938049,-1.371914192,-2.327250083,SPC,766712.7982,1003070.361,648.8589478,2011
24.4,30,3.7,19523.32031,35899,None,Island,Forereef,1617.65018,448.1960396,13.60198603,144.9514606,126.143959,Partly,300.3305969,-1.371914192,-2.327250083,SPC,491204.5411,1379516.767,1796.141968,2011
17,12.5,4.8,2000,21327,None,Island,Forereef,1895.462811,436.0969672,13.46906409,144.8589341,123.6462021,None,300.3769531,-1.371914192,-2.327250083,SPC,853968.4813,1004185.159,1288.905396,2011
18.5,5,7.9,1555.634888,4717,None,Island,Forereef,1237.92993,460.0227299,13.46348852,144.633457,137.6517944,None,300.4976807,-1.371914192,-2.327250083,SPC,441000.9968,1000672.505,691.3624878,2011
22,45,1.5,18915.60156,32522,None,Island,Forereef,1709.599654,448.7573846,13.62430172,144.9011549,131.9200897,Partly,300.3585815,-1.371914192,-2.327250083,SPC,544756.2844,1378751.451,1797.139038,2011
26.2,7.5,3.7,4780.167481,22953,None,Island,Forereef,403.3490686,505.6469654,13.22942833,144.6388469,133.33284,None,300.4342041,-1.371914192,-2.327250083,SPC,136352.9315,979431.769,1357.446533,2011
18.8,10,4,9613.532227,6014,None,Island,Forereef,1822.165932,449.4093494,13.48114492,144.7062205,144.5280457,None,300.4901123,-1.371914192,-2.327250083,SPC,804721.0472,1003476.207,664.994751,2011
21.3,52.5,7.9,3801.315674,3400,None,Island,Forereef,1385.307529,457.3184902,13.46813482,144.6550166,137.6517944,None,300.4980164,-1.371914192,-2.327250083,SPC,533565.0803,1001507.147,673.9596558,2011
21.1,7.5,3.7,8829.496094,8171,None,Island,Forereef,787.8258593,490.3915801,13.36965212,144.6424401,136.8129425,None,300.4694519,-1.371914192,-2.327250083,SPC,415137.6839,979925.3123,132.5728455,2011
18.8,17.5,3,13528.11914,31543,None,Island,Forereef,1868.96193,450.2770844,13.54155799,144.9352909,121.8603516,None,300.3379822,-1.371914192,-2.327250083,SPC,656981.7178,1321361.77,1854.180542,2011
17,17.5,3,NA,32393,None,Island,Forereef,1667.041488,447.8223449,13.64847936,144.8795954,130.5272369,None,300.3728638,-1.371914192,-2.327250083,SPC,511150.2091,1380377.332,1799.134766,2011
18.7,22.5,1.8,10123.73438,18940,None,Island,Forereef,1699.406957,450.7608011,13.54527621,144.8059335,137.4541473,None,300.4375916,-1.371914192,-2.327250083,SPC,828364.3366,1157262.082,42.51306915,2011
20,12.5,4,18681.54102,32601,None,Island,Forereef,1703.496847,448.9909387,13.62058229,144.9047482,131.9200897,Partly,300.355835,-1.371914192,-2.327250083,SPC,544756.2844,1378751.451,1797.072998,2011
21.8,4,4.7,NA,32386,None,Island,Forereef,1677.869137,447.689706,13.65219921,144.8760021,130.5272369,None,300.3743896,-1.371914192,-2.327250083,SPC,511150.2091,1380377.332,1799.536377,2011
18.1,25,3.7,8321.658203,9849,None,Island,Undetermined,2006.169821,446.3522281,13.48486221,144.7466447,144.5280457,None,300.4542542,-1.371914192,-2.327250083,SPC,900028.7228,1003919.391,81.05194855,2011
23,5,3.2,8586.617188,12491,None,Island,Forereef,1996.451645,445.6585726,13.49694382,144.767306,137.4541473,None,300.4373474,-1.371914192,-2.327250083,SPC,915724.5431,1003919.391,36.21111298,2011
27.7,20,3,728.0109863,21722,None,Island,Forereef,414.7652773,496.785554,13.24056906,144.6972374,128.8655548,Partly,300.4309082,-1.371914192,-2.327250083,SPC,152491.0294,979431.769,1328.435059,2011
24.8,21.5,5.2,17973.86914,33444,None,Island,Forereef,1600.222923,449.5013686,13.60291581,144.9254095,126.143959,Partly,300.3403015,-1.371914192,-2.327250083,SPC,513435.5747,1377890.054,1795.669922,2011
23.7,10,3.8,424.2640686,20444,None,Island,Forereef,596.6351936,495.3514708,13.26842304,144.747543,128.8655548,None,300.4220276,-1.371914192,-2.327250083,SPC,234794.6907,979431.769,1255.18042,2011
17.8,6,4.6,5173.973145,23993,None,Island,Forereef,1852.936308,447.3666961,13.48950892,144.8795954,129.4126282,None,300.3658142,-1.371914192,-2.327250083,SPC,831988.5894,1102143.26,1280.025513,2011
15.6,11,3.2,3162.277588,3920,None,Island,Forereef,1420.101561,457.6524735,13.46906409,144.64783,137.6517944,None,300.4979858,-1.371914192,-2.327250083,SPC,533565.0803,1001507.147,681.821228,2011
19.3,10.5,3,9617.692383,18065,None,Island,Forereef,1689.191731,452.298756,13.53783984,144.8014419,137.4541473,Partly,300.4384155,-1.371914192,-2.327250083,SPC,839325.6248,1131401.504,41.63994217,2011
22.7,10,2.7,7359.347656,25838,None,Island,Undetermined,1865.212946,449.2613512,13.50437895,144.8930701,129.4126282,None,300.3570557,-1.371914192,-2.327250083,SPC,791793.2554,1171875.27,1272.696289,2011
18.8,32.5,3,11322.54395,20334,None,Island,Forereef,1733.432524,442.7187784,13.55922002,144.8113234,137.4541473,None,300.4326172,-1.371914192,-2.327250083,SPC,811837.858,1187794.228,52.31662369,2011
19,27.5,4.1,15487.0918,32919,None,Island,Forereef,1841.779486,449.5504924,13.56200888,144.9406808,126.143959,Partly,300.3369751,-1.371914192,-2.327250083,SPC,610843.1729,1341809.721,1854.231201,2011
16.8,14,2.4,8829.496094,10309,None,Island,Forereef,704.7649033,495.3514708,13.34921723,144.6406435,136.8129425,None,300.464325,-1.371914192,-2.327250083,SPC,359998.825,979431.769,30.50001526,2011
18.4,22.5,3.2,9002.777344,8544,None,Island,Forereef,1936.733164,447.6491974,13.48300356,144.7340683,144.5280457,None,300.4685974,-1.371914192,-2.327250083,SPC,878752.6103,1003838.531,84.27839661,2011
17.9,24.5,1.2,7564.390137,11049,None,Island,Forereef,2022.549038,445.6585726,13.48393288,144.7592211,137.4541473,None,300.4405212,-1.371914192,-2.327250083,SPC,910763.2462,1003919.391,43.38474655,2011
20.2,17.5,1.2,7657.675781,16201,None,Island,Forereef,1703.03907,434.8434569,13.51274374,144.7969504,137.4541473,Partly,300.4284973,-1.371914192,-2.327250083,SPC,899085.8713,1023107.116,35.83772278,2011
20.8,12.5,1.5,9741.663086,6011,None,Island,Forereef,1812.172906,449.455306,13.47928629,144.7080172,144.5280457,None,300.4903564,-1.371914192,-2.327250083,SPC,804721.0472,1003476.207,631.5273438,2011
18.9,20,1.2,8222.530273,4386,None,Island,Undetermined,1766.853873,451.0415954,13.46999336,144.6963391,139.0405731,None,300.4946594,-1.371914192,-2.327250083,SPC,766712.7982,1003070.361,7.67389679,2011
23.3,10,1.2,8070.935547,17082,None,Island,Forereef,1710.880684,440.8496464,13.52110882,144.8014419,137.4541473,Partly,300.4304504,-1.371914192,-2.327250083,SPC,868331.0032,1061528.94,29.59644699,2011
15.7,16.5,0.6,3744.329102,21752,None,Island,Forereef,416.0767615,502.9987713,13.24056906,144.6397452,133.33284,None,300.440155,-1.371914192,-2.327250083,SPC,144961.9812,979431.769,127.7304153,2011
22.7,15,4.9,316.2277527,13408,None,Island,Forereef,1442.237211,456.9208129,13.39287563,144.7807807,133.6820679,None,300.3894653,-1.371914192,-2.327250083,SPC,831427.1474,1001679.45,1287.40332,2011
16.3,10,1.5,5457.105469,2617,None,Island,Forereef,1542.925331,456.0745069,13.46441778,144.6720845,139.0405731,None,300.4977112,-1.371914192,-2.327250083,SPC,631730.8006,1002184.35,666.7635498,2011
19.3,52.5,1.5,500,21584,None,Island,Forereef,410.8644454,498.2472537,13.24056906,144.6864576,128.8655548,Partly,300.4306641,-1.371914192,-2.327250083,SPC,150556.5725,979431.769,1327.302246,2011
21.3,15,1.8,2830.194336,17000,None,Island,Forereef,2271.244458,446.4895051,13.44118753,144.8221032,133.6820679,None,300.3944092,-1.371914192,-2.327250083,SPC,921116.3007,1003888.355,1257.216675,2011
16.4,35,1.4,412.3105774,21684,None,Island,Forereef,411.6308192,495.3514708,13.24428274,144.7143054,128.8655548,Partly,300.4309082,-1.371914192,-2.327250083,SPC,152247.0967,979431.769,1327.264404,2011
15.9,12.5,1.2,5000,3606,None,Island,Forereef,870.5023016,459.8116361,13.41238506,144.6514233,137.6517944,None,300.4848328,-1.371914192,-2.327250083,SPC,478975.2668,991080.07,99.447258,2011
16,8.5,1.4,7291.776367,5914,None,Island,Forereef,862.0806655,474.9631985,13.38823075,144.6523216,136.8129425,None,300.4747314,-1.371914192,-2.327250083,SPC,466862.1991,982964.6975,131.5121765,2011
32.4,29.5,1.8,17956.89258,33597,None,Island,Forereef,1600.982402,449.5460118,13.60105625,144.9281044,126.143959,Partly,300.3391724,-1.371914192,-2.327250083,SPC,513435.5747,1377890.054,596.6659546,2011
19,30,1.1,15825.6123,25529,None,Island,Forereef,1963.803981,447.3668654,13.60570517,144.8337813,131.9200897,None,300.4098816,-1.371914192,-2.327250083,SPC,779543.9147,1324669.658,131.3317871,2011
15.7,37.5,1.5,15226.62109,25114,None,Island,Forereef,1917.843393,449.748075,13.60012648,144.8337813,131.9200897,None,300.410553,-1.371914192,-2.327250083,SPC,779543.9147,1324669.658,38.61091995,2011
22.5,1.5,7,9013.87793,5544,None,Island,Forereef,1838.002591,449.7926083,13.4802156,144.7008306,144.5280457,None,300.4913635,-1.371914192,-2.327250083,SPC,804721.0472,1003476.207,665.6244507,2011
19.7,30,1.5,12887.59082,23072,None,Island,Forereef,1855.316435,435.4450997,13.57781302,144.8283914,136.7432861,None,300.4151306,-1.371914192,-2.327250083,SPC,801711.7467,1246851.647,43.21389389,2011
21,57.5,1,282.8427124,13793,None,Island,Forereef,1810.936448,450.3948695,13.41888855,144.7915605,133.6820679,None,300.4053955,-1.371914192,-2.327250083,SPC,921317.8561,1003140.281,1257.39917,2011
17.5,35,1.8,1720.465088,19309,None,Island,Forereef,990.3285929,488.0867149,13.29349429,144.7691026,119.2952576,None,300.399231,-1.371914192,-2.327250083,SPC,415274.9973,979925.6096,1891.510498,2011
20.7,55,0.9,2376.9729,21606,None,Island,Forereef,409.4148166,500.6117381,13.23964064,144.664898,133.33284,None,300.4332581,-1.371914192,-2.327250083,SPC,146878.4229,979431.769,156.3763428,2011
20,8,2.7,2163.330811,20342,None,Island,Forereef,413.43786,500.1836985,13.25263874,144.64783,133.33284,None,300.4431152,-1.371914192,-2.327250083,SPC,150209.5433,979431.769,131.7302399,2011
18.2,52.5,1.5,9269.84375,8210,None,Island,Forereef,1937.708193,447.9076115,13.48300356,144.730475,144.5280457,None,300.4726563,-1.371914192,-2.327250083,SPC,878752.6103,1003838.531,91.20192719,2011
16.7,25,1.2,4143.669922,14413,None,Island,Forereef,487.4317113,495.3514708,13.30742386,144.6532199,136.8129425,None,300.4621887,-1.371914192,-2.327250083,SPC,230547.1618,979431.769,126.8683243,2011
15,32.5,1.2,9750.897461,18484,None,Island,Forereef,1702.753252,447.5198017,13.54062845,144.8041369,137.4541473,Partly,300.4373169,-1.371914192,-2.327250083,SPC,839325.6248,1131401.504,40.18439484,2011
16.2,55,0.9,6964.194336,5070,None,Island,Forereef,871.5756001,468.1654764,13.3947336,144.6577115,137.6517944,None,300.4772644,-1.371914192,-2.327250083,SPC,479433.1664,984359.4138,125.9438858,2011
25,25,1.2,316.2277527,21570,None,Island,Forereef,414.6794401,497.1309704,13.24149747,144.6936441,128.8655548,Partly,300.4307861,-1.371914192,-2.327250083,SPC,152491.0294,979431.769,1327.439819,2011
19.4,27.5,1.7,9580.1875,9750,None,Island,Forereef,701.4208231,495.2561596,13.35571906,144.6379486,136.8129425,None,300.4658203,-1.371914192,-2.327250083,SPC,359998.825,979431.769,126.4402237,2011
17.7,55,1.5,10026.46484,6701,None,Island,Forereef,1840.053453,449.0261447,13.47835698,144.7170003,144.5280457,None,300.4891052,-1.371914192,-2.327250083,SPC,830545.1192,1003406.525,63.41889191,2011
17.3,72.5,1.6,3982.46167,22528,None,Island,Forereef,407.0253301,503.6089439,13.23221347,144.64783,133.33284,None,300.4343872,-1.371914192,-2.327250083,SPC,141034.0425,979431.769,1327.302246,2011
20.3,30,0.6,9604.686523,8698,None,Island,Undetermined,719.0729821,491.8839692,13.36314993,144.6460334,136.8129425,None,300.467926,-1.371914192,-2.327250083,SPC,378908.9795,979500.9756,28.42238426,2011
23.6,22.5,1.8,NA,29814,None,Island,Forereef,1678.640386,449.7023329,13.64661945,144.8481543,130.5272369,None,300.3927612,-1.371914192,-2.327250083,SPC,543578.2849,1377890.054,132.7712097,2011
18.3,30,1.5,9646.243164,5940,None,Island,Forereef,1814.349503,449.5165961,13.47928629,144.7071188,144.5280457,None,300.490509,-1.371914192,-2.327250083,SPC,804721.0472,1003476.207,632.2714844,2011
27.5,47.5,1.5,894.4271851,14046,None,Island,Forereef,1266.356259,460.2898597,13.37243882,144.7771874,126.7958984,None,300.3817139,-1.371914192,-2.327250083,SPC,760585.1551,1000377.842,1891.003174,2011
20.8,22.5,1.3,12379.41797,22227,None,Island,Forereef,1833.508764,438.7230114,13.57223497,144.8230015,136.7432861,None,300.4198303,-1.371914192,-2.327250083,SPC,805544.2735,1235970.862,45.88990402,2011
16,67.5,1.2,7975.587891,10242,None,Island,Undetermined,2010.603722,445.9749738,13.48393288,144.7511363,144.5280457,None,300.4492493,-1.371914192,-2.327250083,SPC,900028.7228,1003919.391,71.06645203,2011
18.5,55,1,1204.159424,21701,None,Island,Forereef,419.72507,495.8094758,13.24149747,144.7017289,128.8655548,Partly,300.4309387,-1.371914192,-2.327250083,SPC,154665.8962,979431.769,1327.720703,2011
22.5,25,2,19005.52539,32408,None,Island,Forereef,1710.008063,448.6906995,13.62616145,144.89846,131.9200897,None,300.3605652,-1.371914192,-2.327250083,SPC,544756.2844,1378751.451,1794.988647,2011
18,4,1.5,6530.696777,12258,None,Island,Forereef,629.7181796,495.3514708,13.32878404,144.6469317,136.8129425,None,300.4623718,-1.371914192,-2.327250083,SPC,312415.1452,979431.769,127.6917801,2011
31,35,4.3,8405.950195,17289,None,Island,Forereef,1720.425706,437.3936285,13.52482672,144.8014419,137.4541473,Partly,300.4322205,-1.371914192,-2.327250083,SPC,868331.0032,1061528.94,28.1437149,2011
25.1,16,7,9106.59082,17501,None,Island,Forereef,1703.225057,444.9586095,13.53133319,144.7996453,137.4541473,Partly,300.4367065,-1.371914192,-2.327250083,SPC,854205.413,1093230.703,39.3262825,2011
20,12.5,7.6,8373.768555,14785,None,Island,Forereef,1640.20069,439.6224326,13.50902602,144.784374,137.4541473,Partly,300.4318848,-1.371914192,-2.327250083,SPC,907603.1656,1005879.414,49.16194916,2011
24.6,27.5,6.9,7924.64502,15852,None,Island,Forereef,1666.758187,437.0771933,13.51274374,144.7933571,137.4541473,Partly,300.4299622,-1.371914192,-2.327250083,SPC,899085.8713,1023107.116,44.65092087,2011
19.5,10,8.8,8043.009277,16448,None,Island,Forereef,1704.17177,440.018553,13.51739097,144.7969504,137.4541473,Partly,300.4307861,-1.371914192,-2.327250083,SPC,886844.2004,1046300.383,41.97214127,2011
20,19,0.9,8044.874023,16945,None,Island,Forereef,1702.202489,442.1492634,13.52017935,144.8005436,137.4541473,Partly,300.4305725,-1.371914192,-2.327250083,SPC,868331.0032,1061528.94,36.81885147,2011
18.9,27.5,0.9,7715.568848,15978,None,Island,Forereef,1677.407643,436.9067375,13.51181431,144.7951537,137.4541473,Partly,300.428772,-1.371914192,-2.327250083,SPC,899085.8713,1023107.116,38.17783737,2011
19,30,1.8,8021.22168,16808,None,Island,Forereef,1691.603155,443.4142739,13.51924989,144.7996453,137.4541473,Partly,300.4306641,-1.371914192,-2.327250083,SPC,868331.0032,1061528.94,38.58349228,2011
20.6,30,2.7,8070.935547,17082,None,Island,Forereef,1710.880684,440.8496464,13.52110882,144.8014419,137.4541473,Partly,300.4304504,-1.371914192,-2.327250083,SPC,868331.0032,1061528.94,29.59644699,2011
30.3,5.5,7.6,9278.469727,17614,None,Island,Forereef,1706.851144,442.9827233,13.53319222,144.7996453,137.4541473,Partly,300.4376221,-1.371914192,-2.327250083,SPC,854205.413,1093230.703,40.06989288,2011
30.3,12.5,1.2,19321.75,35675,None,Island,Forereef,1604.380865,448.4510681,13.60105625,144.949664,126.143959,Partly,300.3311462,-1.371914192,-2.327250083,SPC,491204.5411,1379516.767,1795.620361,2011
30.5,52.5,1.5,18107.73242,32352,None,Island,Forereef,1752.436878,448.2855784,13.61407344,144.9065448,131.9200897,Partly,300.3543396,-1.371914192,-2.327250083,SPC,569475.6065,1374402.014,1793.843994,2011
31.7,15,3,17622.99609,32395,None,Island,Forereef,1766.953016,447.4121494,13.60663496,144.9119347,131.9200897,Partly,300.3499756,-1.371914192,-2.327250083,SPC,577958.0003,1369510.935,1793.238892,2011
28,27.5,3,18054.63867,32376,None,Island,Forereef,1692.334716,449.4790503,13.61314362,144.9074431,131.9200897,Partly,300.3536377,-1.371914192,-2.327250083,SPC,550202.2658,1377890.054,1793.986084,2011
30.5,13.5,7.3,17800,32617,None,Island,Forereef,1782.714569,447.0120491,13.60756476,144.9137314,131.9200897,Partly,300.3486633,-1.371914192,-2.327250083,SPC,577958.0003,1369510.935,1793.724731,2011
24.8,25,7.3,19101.04688,35288,None,Island,Forereef,1585.464067,448.6619629,13.60198603,144.9451724,126.143959,Partly,300.3329163,-1.371914192,-2.327250083,SPC,491204.5411,1379516.767,1796.122559,2011
21.2,57.5,1.2,17725.96875,33019,None,Island,Forereef,1706.99439,448.7199745,13.60291581,144.9209179,126.143959,Partly,300.3428955,-1.371914192,-2.327250083,SPC,550681.3613,1374402.014,1793.015747,2011
25.2,5,4.6,NA,11321,None,Island,Forereef,112.4094572,446.152305,14.19126003,145.2191586,127.1239548,None,300.2391663,-0.832254834,-0.746252651,SPC,10925.38718,752291.6837,656.8320923,2011
27.9,20,6.1,NA,2532,None,Island,Forereef,112.4094572,446.152305,14.13161413,145.1553782,124.2122955,None,300.3161621,-0.832254834,-0.746252651,SPC,10925.38718,752291.6837,121.6201401,2011
20,2.5,4,NA,10155,None,Island,Forereef,112.4094572,446.152305,14.18566757,145.2101754,127.1239548,None,300.245575,-0.832254834,-0.746252651,SPC,10925.38718,752291.6837,658.2431641,2011
23.7,3,7.3,NA,1530,None,Island,Forereef,112.4094572,446.152305,14.12136402,145.1302253,124.2122955,None,300.3330078,-0.832254834,-0.746252651,SPC,10925.38718,752291.6837,223.0409241,2011
25,5,7,NA,3000,None,Island,Forereef,112.4094572,446.152305,14.15770733,145.14909,127.2256165,None,300.3094482,-0.832254834,-0.746252651,SPC,10925.38718,752291.6837,121.9888916,2011
19,1,7.3,NA,4841,None,Island,Forereef,112.4094572,446.152305,14.17075503,145.1598697,127.2256165,None,300.289093,-0.832254834,-0.746252651,SPC,10925.38718,752291.6837,677.3473511,2011
16,3.5,7.3,NA,4522,None,Island,Forereef,112.4094572,446.152305,14.11111437,145.1661579,123.1237717,None,300.31604,-0.832254834,-0.746252651,SPC,10925.38718,752291.6837,193.8665314,2011
45,60,4.6,NA,3688,None,Island,Forereef,112.4094572,446.152305,14.12788677,145.1652596,123.1237717,None,300.3111267,-0.832254834,-0.746252651,SPC,10925.38718,752291.6837,116.7905121,2011
26,10,4.3,NA,9403,None,Island,Forereef,112.4094572,446.152305,14.1828714,145.2038872,127.1239548,None,300.2510071,-0.832254834,-0.746252651,SPC,10925.38718,752291.6837,660.810791,2011
19.6,7.5,4.3,NA,6263,None,Island,Forereef,112.4094572,446.152305,14.17168703,145.1769377,127.1239548,None,300.2750244,-0.832254834,-0.746252651,SPC,10925.38718,752291.6837,661.6045532,2011
21,65,3.8,NA,4254,None,Island,Forereef,112.4094572,446.152305,14.11950042,145.1679546,123.1237717,None,300.3123169,-0.832254834,-0.746252651,SPC,10925.38718,752291.6837,89.82558441,2011
19.3,7.5,1.5,NA,4478,None,Island,Forereef,112.4094572,446.152305,14.11484147,145.1679546,123.1237717,None,300.3139038,-0.832254834,-0.746252651,SPC,10925.38718,752291.6837,104.6690979,2011
28,15,1.8,NA,8562,None,Island,Forereef,112.4094572,446.152305,14.11577325,145.2074805,123.1237717,None,300.2963867,-0.832254834,-0.746252651,SPC,10925.38718,752291.6837,179.53302,2011
22.7,17.5,3.8,NA,8393,None,Island,Forereef,112.4094572,446.152305,14.11484147,145.2056838,123.1237717,None,300.2976379,-0.832254834,-0.746252651,SPC,10925.38718,752291.6837,1376.463989,2011
23.2,60,1.2,NA,7021,None,Island,Forereef,112.4094572,446.152305,14.17355106,145.1841243,127.1239548,None,300.2694397,-0.832254834,-0.746252651,SPC,10925.38718,752291.6837,661.2825317,2011
22.5,12.5,4.3,NA,9801,None,Island,Forereef,112.4094572,446.152305,14.12229583,145.2200569,123.1237717,None,300.2886963,-0.832254834,-0.746252651,SPC,10925.38718,752291.6837,1290.177979,2011
17.5,63.5,4.9,NA,8215,None,Island,Forereef,112.4094572,446.152305,14.17541509,145.1958024,127.1239548,None,300.2615662,-0.832254834,-0.746252651,SPC,10925.38718,752291.6837,655.3926392,2011
32.6,5,7.7,NA,949,None,Island,Forereef,112.4094572,446.152305,14.13254598,145.1248354,124.2122955,None,300.335083,-0.832254834,-0.746252651,SPC,10925.38718,752291.6837,134.2273865,2011
20,6.5,7.5,NA,1077,None,Island,Forereef,112.4094572,446.152305,14.14466036,145.1365135,124.2122955,None,300.3263245,-0.832254834,-0.746252651,SPC,10925.38718,752291.6837,131.0222015,2011
19.1,7.5,6.9,10401.92285,12999,None,Island,Undetermined,394.3947549,473.8493376,15.11028873,145.7015539,147.948822,None,300.1797791,-0.832254834,-0.746252651,SPC,217814.3244,499256.0238,112.6317444,2011
25.9,12.5,7.3,9873.702148,8066,None,Island,Forereef,440.5435454,264.0153567,15.17487577,145.7895888,140.1299286,None,300.2071838,-0.832254834,-0.746252651,SPC,207258.5529,262541.4336,1885.331909,2011
23.7,5,6.7,11047.62402,13025,None,Island,Forereef,399.0480513,470.2236118,15.10560926,145.7204185,147.948822,None,300.1963501,-0.832254834,-0.746252651,SPC,217827.1789,493433.6233,106.1311874,2011
18.7,3.25,6.1,5323.532715,9529,None,Island,Undetermined,415.6871485,379.4274615,15.18423781,145.6611297,147.948822,None,300.1657104,-0.832254834,-0.746252651,SPC,208573.5854,388885.4374,171.6607819,2011
21.2,10,6.1,1236.931641,4105,None,Island,Undetermined,438.0778478,242.6237701,15.24791041,145.7060454,155.5084534,Partly,300.177124,-0.832254834,-0.746252651,SPC,207257.6163,238029.4774,653.3348999,2011
27.5,4.5,7.9,9334.344727,7111,None,Island,Forereef,474.0714379,241.7273905,15.23011765,145.8003685,147.0237122,None,300.1934509,-0.832254834,-0.746252651,SPC,206941.6642,231853.6434,1321.838745,2011
24.4,12.5,6.4,10339.24609,8368,None,Island,Undetermined,490.2762304,255.592483,15.24603742,145.8093517,147.0237122,Partly,300.1938171,-0.832254834,-0.746252651,SPC,206941.6642,231172.9697,1311.744751,2011
23,6.25,7.2,2900,3202,None,Island,Forereef,443.6483627,240.2340413,15.25633907,145.7356898,155.5084534,None,300.1794128,-0.832254834,-0.746252651,SPC,206958.5236,232506.9125,641.4127808,2011
16,6,3.7,11552.05566,13106,None,Island,Forereef,407.6263614,464.5381737,15.1037375,145.7329949,147.948822,None,300.2089844,-0.832254834,-0.746252651,SPC,217774.4691,485835.1732,105.7257309,2011
19.4,9.5,5.2,6428.841309,9818,None,Island,Undetermined,412.9234754,407.7108831,15.1496003,145.6880791,147.948822,None,300.1646729,-0.832254834,-0.746252651,SPC,212325.1714,421413.4689,112.7656097,2011
16,16.25,2.7,7885.429688,11102,None,Island,Forereef,409.4151103,458.9722309,15.13555963,145.6880791,147.948822,None,300.1647644,-0.832254834,-0.746252651,SPC,216428.2208,478496.1058,35.50675583,2011
19.6,25,2.4,3255.76416,6748,None,Island,Forereef,413.1571954,338.7524233,15.17768434,145.6979606,147.948822,None,300.1651611,-0.832254834,-0.746252651,SPC,208892.6381,344941.7893,99.5707016,2011
17,8.75,3.8,500,4652,None,Island,Undetermined,423.3064149,285.0891211,15.20764467,145.6988589,155.5084534,None,300.1633606,-0.832254834,-0.746252651,SPC,207916.6182,286125.8003,96.71822357,2011
24,7.5,3.8,2118.961914,3534,None,Island,Forereef,441.8678445,240.3680475,15.25633907,145.7231134,155.5084534,Partly,300.1804504,-0.832254834,-0.746252651,SPC,207023.0221,233441.5106,626.6517944,2011
23,25,1.2,8340.863281,7656,None,Island,Forereef,419.8955356,305.9413984,15.16083348,145.7644359,140.1299286,None,300.1971436,-0.832254834,-0.746252651,SPC,208011.8964,308217.5134,80.45256042,2011
20,26.25,1.4,100,3864,None,Island,Undetermined,429.4933394,270.0789085,15.21981724,145.7024522,155.5084534,None,300.1621094,-0.832254834,-0.746252651,SPC,207723.9303,269408.535,113.2115402,2011
15,43.75,1.1,7723.341309,7943,None,Island,Forereef,418.4056392,344.3146214,15.15334462,145.7500629,140.1299286,None,300.1888428,-0.832254834,-0.746252651,SPC,208847.8735,349538.0404,92.63813782,2011
17.6,10,3.7,4997.999512,3829,None,Island,Forereef,447.4586853,241.5182922,15.25352948,145.759046,147.0237122,None,300.1802979,-0.832254834,-0.746252651,SPC,206941.6642,231802.8553,601.2651978,2011
30,70,1.5,4716.990723,3640,None,Island,Forereef,447.4586853,240.9785401,15.25352948,145.7563511,147.0237122,None,300.1797485,-0.832254834,-0.746252651,SPC,206941.6642,231802.8553,603.9369507,2011
21.5,22.5,7.5,18088.66992,21933,None,Island,Forereef,339.6964959,589.0408659,15.0691128,145.6099257,147.8167114,None,300.1939697,-0.832254834,-0.746252651,SPC,166596.9148,659537.6431,136.4661713,2011
24,60,6.1,17310.40234,21152,None,Island,Forereef,345.2825237,587.0923207,15.07472725,145.6144173,147.8167114,None,300.1917114,-0.832254834,-0.746252651,SPC,173361.8263,653763.7861,134.4460602,2011
25,4,7.3,NA,29983,None,Island,Forereef,170.8835178,603.5083637,14.99146115,145.5892644,140.5335846,None,300.2330627,-0.832254834,-0.746252651,SPC,42726.10616,715381.6315,110.7355576,2011
16,30,6.7,14840.82227,18632,None,Island,Forereef,385.1331184,567.2235995,15.09063561,145.6314853,147.8167114,None,300.1833191,-0.832254834,-0.746252651,SPC,200041.5223,620148.4207,127.6212463,2011
19.4,20,7.6,NA,25472,None,Island,Forereef,281.2945893,582.6282074,15.04010716,145.593756,147.8167114,None,300.2063599,-0.832254834,-0.746252651,SPC,115069.0517,670229.6624,32.58314896,2011
24.5,7.5,5.3,NA,30148,None,Island,Forereef,184.6388681,602.7752499,14.97649532,145.610824,140.5335846,None,300.2328186,-0.832254834,-0.746252651,SPC,44058.61173,715384.7967,108.7687073,2011
20.1,10,4.6,NA,23572,None,Island,Forereef,382.8697151,592.7194088,15.01952484,145.6629263,140.1458282,None,300.2063599,-0.832254834,-0.746252651,SPC,158313.9636,666033.2888,1287.317261,2011
25.5,20,3.7,18784.03516,22048,None,Island,Forereef,359.4455257,589.6964144,15.04104276,145.6494516,147.8167114,None,300.1911316,-0.832254834,-0.746252651,SPC,170947.7197,661466.2025,1342.30896,2011
32,1.5,6.1,13871.55371,17305,None,Island,Forereef,383.478978,528.6018959,15.08689236,145.6575364,140.1458282,None,300.1734924,-0.832254834,-0.746252651,SPC,210485.8345,573006.2037,1345.628784,2011
20,3,5.5,NA,32146,None,Island,DeepTerrace,73.1064063,603.7018834,14.94843714,145.6260954,140.5335846,None,300.2432861,-0.832254834,-0.746252651,SPC,14449.5904,725194.7661,114.4186325,2011
21,25,2.7,NA,32033,None,Island,DeepTerrace,72.11094048,604.3050029,14.94843714,145.6287903,140.5335846,None,300.2432251,-0.832254834,-0.746252651,SPC,14449.5904,725194.7661,93.79970551,2011
17.5,33.75,1.5,NA,31234,None,Island,Forereef,110.8675552,602.6298986,14.96059525,145.6198072,140.5335846,None,300.2401123,-0.832254834,-0.746252651,SPC,23856.49084,720593.5734,107.3239288,2011
23,20,1.5,15892.76563,19694,None,Island,Forereef,371.8306403,575.3373666,15.08314918,145.6251971,147.8167114,None,300.1864624,-0.832254834,-0.746252651,SPC,189642.6853,633086.4855,58.91103363,2011
32.8,19.98,3,4400,571975,None,Atoll,Forereef,0,0.052976315,2.936019127,131.7677855,274.5922852,None,301.5068359,NA,NA,UVC,0,30.20118785,454.4352722,2014
33.7,44.2,10,4400,571975,None,Atoll,Forereef,0,0.052976315,2.936019127,131.7677855,274.5922852,None,301.5068359,NA,NA,UVC,0,30.20118785,454.4352722,2014
23.8,13,10,10153.32422,566029,None,Atoll,Forereef,0,0.052976315,2.952318718,131.843244,272.7724304,None,301.4538269,NA,NA,UVC,0,30.20118785,0,2000
30.1,14,10,4400,571975,None,Atoll,Forereef,0,0.052976315,2.936019127,131.7677855,274.5922852,None,301.5068359,NA,NA,UVC,0,30.20118785,454.4352722,2000
18.8,42.4152576,7.95,100,26026,None,Islandwlagoon,DeepTerrace,0,58.60972067,7.669715187,151.7669787,172.802536,None,300.8109436,NA,NA,UVC,0,14170.03831,88.56121063,2006
20.5,61.8429382,5.2,282.8427124,26595,None,Islandwlagoon,DeepTerrace,0,58.48127203,7.674276789,151.7642837,172.802536,None,300.8113708,NA,NA,UVC,0,14170.03831,19.20992661,2006
18.3,51.973048,6.05,2256.102783,27645,None,Islandwlagoon,Forereef,0,58.08099899,7.672452142,151.7346393,178.4550323,None,300.8157349,NA,NA,UVC,0,14170.03831,712.1322021,2006
20.3,39.3104607,8.85,1220.655518,27519,None,Islandwlagoon,Forereef,0,58.42727555,7.684312479,151.767877,172.802536,None,300.8140259,NA,NA,UVC,0,14170.03831,629.6726685,2006
17.1,18.3994,4,1118.033936,25156,None,Islandwlagoon,DeepTerrace,0,60.04453544,7.672452142,151.8154877,172.802536,None,300.8206482,NA,NA,UVC,0,14170.03831,58.47472,2006
19.8,31.7610682,6.35,14812.15723,13435,High,Islandwlagoon,Forereef,145.4238471,60.73277214,7.531065098,151.7553006,190.235199,None,300.7442627,1.841447278,1.477258222,UVC,4791.580976,14170.03831,54.02445221,2006
20.5,22.1811,4.95,8746.427734,17441,High,Islandwlagoon,Pinnacle,138.712724,60.26346143,7.586702334,151.7705719,183.9281006,None,300.7859497,1.841447278,1.477258222,UVC,3749.992334,14170.03831,1289.398071,2006
20.3,13.1148,5.7,15931.41504,1204,High,Islandwlagoon,Forereef,282.8762667,64.62520562,7.436224174,151.833454,200.2585907,None,300.8222961,1.841447278,1.477258222,UVC,9426.384569,14170.03831,85.75011444,2006
20.9,52.4458524,4.7,9716.995117,5126,High,Islandwlagoon,Forereef,241.0368598,64.82286225,7.46084441,151.8837596,175.6189117,None,300.915741,1.841447278,1.477258222,UVC,8893.431936,14170.03831,62.64255905,2006
25.4,39.0181,6.9,9654.014648,20318,High,Islandwlagoon,DeepTerrace,136.0073027,60.85626022,7.407046377,151.6618758,213.8155518,None,300.7489624,1.841447278,1.477258222,UVC,5787.421977,14170.03831,13.30448914,2006
22.2,35.8833,5.55,1341.640747,35852,High,Islandwlagoon,DeepTerrace,139.2823974,57.91923886,7.41434065,151.519942,219.0370789,None,300.9587402,1.841447278,1.477258222,UVC,4392.735744,14170.03831,121.4278183,2006
22.5,13.7401,6,894.4271851,31001,High,Islandwlagoon,DeepTerrace,138.2067389,58.08328375,7.447166335,151.5621628,219.0370789,None,300.870575,1.841447278,1.477258222,UVC,4831.432135,14170.03831,1089.130249,2006
16.8,9.5479095,3.95,16105.89941,12202,High,Islandwlagoon,Forereef,346.2707477,62.51736626,7.419811432,151.733741,208.2580414,None,300.7004089,1.841447278,1.477258222,UVC,12805.001,14170.03831,10.73267078,2006
21.5,36.2118,4.1,10547.51172,18613,High,Islandwlagoon,DeepTerrace,205.0191928,61.02057346,7.413428859,151.6762488,208.2580414,None,300.7171936,1.841447278,1.477258222,UVC,8211.821727,14170.03831,742.8449097,2006
20.1,7.0755,7,2280.35083,30847,High,Islandwlagoon,Forereef,152.8365055,57.96167998,7.459932525,151.5639594,219.0370789,None,300.8605042,1.841447278,1.477258222,UVC,4908.703385,14170.03831,95.72682953,2006
23.1,12.9111871,7.05,1166.19043,33833,High,Islandwlagoon,Forereef,143.9375781,57.9465153,7.430753194,151.5370099,219.0370789,None,300.9134216,1.841447278,1.477258222,UVC,4743.991133,14170.03831,93.28300476,2006
23.6,26.1882,5.55,943.3981323,27165,High,Islandwlagoon,Forereef,172.3116946,57.99355165,7.502793105,151.6034853,210.4831238,None,300.8000488,1.841447278,1.477258222,UVC,4790.606299,14170.03831,85.99041748,2006
20.8,22.8752,4.5,360.5551147,11323,Low,Islandwlagoon,Forereef,84.81923586,15.89617784,9.579146236,138.2078078,149.0866089,None,300.9334412,1.841447278,1.477258222,UVC,2753.472808,2970.760749,1489.05603,2006
18.7,23.7923,5.4,1486.606934,10925,Low,Islandwlagoon,Forereef,83.39190386,15.89617784,9.55897683,138.2149943,149.0866089,None,300.9477234,1.841447278,1.477258222,UVC,2767.159831,2970.760749,1513.044556,2006
23.8,24.907,7.2,2109.502197,10218,Low,Islandwlagoon,Forereef,84.41494486,15.89617784,9.550726045,138.211401,149.0866089,None,300.9509888,1.841447278,1.477258222,UVC,2875.097474,2970.760749,1503.172241,2006
23.4,29.2766,5.5,400,7305,Low,Islandwlagoon,Forereef,77.12761124,17.85973702,9.5818967,138.1036032,153.9885254,None,300.8943787,1.841447278,1.477258222,UVC,2906.191849,2970.760749,402.9440002,2006
23.3,16.992683,3.15,632.4555054,7433,Low,Islandwlagoon,Forereef,77.12761124,17.85973702,9.583730355,138.1053998,154.6435089,None,300.8935852,1.841447278,1.477258222,UVC,2906.191849,2970.760749,401.83255,2006
25.4,18.3181,3,1220.655518,7690,Low,Islandwlagoon,Forereef,77.2916567,17.85973702,9.587397693,138.1098914,154.6435089,None,300.8921814,1.841447278,1.477258222,UVC,2906.191849,2970.760749,398.0872803,2006
26.3,7.9284,4,223.6067963,9402,Low,Islandwlagoon,Forereef,80.2833274,17.85973702,9.604818078,138.1233661,154.6435089,None,300.8877869,1.841447278,1.477258222,UVC,2906.191849,2970.760749,397.9896545,2006
25.7,15.6666,4.25,894.4271851,8828,Low,Islandwlagoon,Forereef,79.0331564,17.85973702,9.599316809,138.1188745,154.6435089,None,300.8887634,1.841447278,1.477258222,UVC,2906.191849,2970.760749,397.9896545,2006
22.1,5.7262,6.5,1303.840454,8559,Low,Islandwlagoon,Forereef,78.48014278,17.85973702,9.596566208,138.1161796,154.6435089,None,300.8893433,1.841447278,1.477258222,UVC,2906.191849,2970.760749,400.7207642,2006
19.4,43.5931564,10.85,2969.848389,13706,Medium,Islandwlagoon,Forereef,111.4956918,12.48205602,7.355989753,134.6136483,197.6705017,None,301.1604004,-2.610323061,2.020260826,UVC,69251.46493,75253.79812,858.7788086,2007
16.9,49.4961,8.35,7294.518555,16515,Medium,Islandwlagoon,Forereef,112.6615759,12.48205602,7.392458184,134.6307163,192.5769806,None,301.1975708,-2.610323061,2.020260826,UVC,68753.32969,75253.79812,857.9162598,2007
15.8,29.2594,7.55,4560.70166,9774,Medium,Islandwlagoon,Forereef,103.7486752,12.48205602,7.281238572,134.5570544,198.9624786,None,301.0166931,-2.610323061,2.020260826,UVC,68449.58263,75253.79812,858.0134888,2007
20.4,19.6086804,3.95,5100.980469,42851,Medium,Islandwlagoon,Forereef,0.600439888,12.48205602,7.723545125,134.5678342,223.5504761,None,300.9859619,-2.610323061,2.020260826,UVC,760.064567,75253.79812,501.7695313,2007
23.1,5.5839,5.4,316.2277527,48728,Medium,Islandwlagoon,Forereef,0.213359241,12.48205602,7.77920683,134.561546,227.237381,Notake,300.9886169,-2.610323061,2.020260826,UVC,273.5641928,75253.79812,559.9839478,2007
20.1,28.7455287,4.6,5571.355469,55414,Medium,Islandwlagoon,Forereef,0.075707035,12.48205602,7.823011259,134.6396995,208.3819885,None,301.0671387,-2.610323061,2.020260826,UVC,108.5815991,75253.79812,29.15951347,2007
31.3,16.548,3.5,5990.826172,22903,Medium,Islandwlagoon,Forereef,2.822514703,12.48205602,7.529241044,134.4034425,218.7890015,None,301.0241394,-2.610323061,2.020260826,UVC,2373.832288,75253.79812,446.9701843,2007
24.5,51.497,7.65,8658.521484,23617,Medium,Islandwlagoon,Forereef,1.382910784,12.48205602,7.523768928,134.3800863,218.7890015,None,301.0381165,-2.610323061,2.020260826,UVC,1121.269367,75253.79812,528.9262085,2007
19.9,74.8065252,9.5,2692.58252,21733,Medium,Islandwlagoon,Forereef,9.370017982,12.48205602,7.53015307,134.4348836,218.7890015,None,301.0011902,-2.610323061,2.020260826,UVC,8313.078784,75253.79812,57.14188766,2007
18.6,57.69,12.15,5522.680664,15527,Medium,Islandwlagoon,Forereef,55.85383228,12.48205602,7.206499521,134.4465617,203.8147736,None,301.0332336,-2.610323061,2.020260826,UVC,50768.6014,75253.79812,383.5893555,2007
17.5,35.4692,9.3,7421.590332,17637,Medium,Islandwlagoon,Forereef,53.81158069,12.48205602,7.183715619,134.4564431,199.4824066,None,301.0519104,-2.610323061,2.020260826,UVC,46525.35794,75253.79812,429.1919861,2007
16.9,14.2946,8.85,6363.960938,34461,Medium,Islandwlagoon,Forereef,0,12.48205602,7.274857937,134.1887452,215.3836365,None,301.01651,-2.610323061,2.020260826,UVC,0,75253.79812,277.9083557,2007
21.8,73.2116,10,6395.310547,29701,Medium,Islandwlagoon,Forereef,0,12.48205602,7.338668271,134.2246778,212.6353149,None,301.0291748,-2.610323061,2.020260826,UVC,0,75253.79812,644.3344727,2007
19.3,30.4018,6.95,3649.657471,29699,Medium,Islandwlagoon,Forereef,0,12.48205602,7.250247745,134.2399491,211.7237549,None,301.0443115,-2.610323061,2.020260826,UVC,0,75253.79812,21.86761856,2007
18.5,5.9213941,7.95,6016.643555,27363,Medium,Islandwlagoon,DeepTerrace,2.020876279,12.48205602,7.182804286,134.3010346,210.739151,None,301.0705872,-2.610323061,2.020260826,UVC,3182.175314,75253.79812,13.59884739,2007
27.7,20.3869,7.2,8695.401367,385474,None,Atoll,Forereef,6.324205088,5.716940037,10.26561784,169.8689299,150.6483765,None,299.9685974,NA,NA,UVC,27.60712079,259.0224318,8.756550789,2007
33.7,21.1552788,7,948.6832886,391648,None,Atoll,Forereef,7.848070497,5.757153152,10.34739168,169.9093541,146.2877502,None,299.9633484,NA,NA,UVC,43.36317655,255.9411404,5.136293411,2007
23.1,12.6910873,2.2,5108.815918,388709,None,Atoll,LagoonPinnacle,7.848070497,5.734303107,10.33912147,169.9560665,146.256546,None,299.9596558,NA,NA,UVC,43.36317655,258.8212098,25.31873322,2007
32.1,77.7778,8.5,4201.19043,388813,None,Atoll,Forereef,7.848070497,5.777389259,10.30604277,169.8824047,146.256546,None,299.9674072,NA,NA,UVC,43.36317655,258.8212098,13.39458084,2007
34.7,23.7923,4.5,6338.769531,402211,None,Atoll,Forereef,7.894041727,5.375377759,10.45768145,169.9183373,141.5328369,None,299.967865,NA,NA,UVC,31.53771992,242.2267255,7.270834446,2007
23.3,23.6942237,8.7,4130.375488,390873,None,Atoll,LagoonPinnacle,7.848070497,5.763182191,10.35841895,169.9506766,146.2877502,None,299.964447,NA,NA,UVC,43.36317655,258.8212098,38.20204544,2007
26.1,42.2897423,9.75,11301.76953,23166,None,Atoll,Forereef,14.54635538,45.8671704,7.115370566,171.5658475,191.6737518,None,300.3043518,NA,NA,UVC,98.32698258,2147.560248,4.887641907,2007
21.3,54.7228453,8,9625.487305,34746,None,Atoll,Forereef,8.243451359,44.65990809,7.204676768,171.6484925,193.4937592,Notake,300.3091431,NA,NA,UVC,53.97419941,2155.78272,2880.301025,2007
22.2,30.038,5,1565.247559,36316,None,Atoll,Forereef,14.72360365,46.16406488,7.139062391,171.6817302,192.9494324,None,300.2863464,NA,NA,UVC,135.2714087,2143.311744,2759.034424,2007
24.2,5.4056,14.25,7715.568848,30019,None,Atoll,LagoonPinnacle,12.19171684,45.18744536,7.163666704,171.6179498,193.4937592,None,300.3023987,NA,NA,UVC,92.20170423,2151.944382,64.1855545,2007
17.1,53.4968,12.3,2624.880859,32600,None,Atoll,LagoonPinnacle,15.74032486,46.88501088,7.083479605,171.6529841,192.9494324,None,300.2754517,NA,NA,UVC,132.2218352,2137.556998,1352.593628,2007
24.8,14.633,2.5,9033.825195,26169,None,Atoll,LagoonPinnacle,12.61059303,46.81379692,7.066168269,171.5945936,186.3911743,None,300.2874146,NA,NA,UVC,89.64289116,2137.660359,1593.744141,2007
23.9,27.4114726,13.4,4976.946777,29496,None,Atoll,LagoonPinnacle,318.0714106,43.62078996,7.152731294,171.1041135,182.5126038,None,300.3373718,2.973044811,-0.424016314,UVC,1705.462163,2204.166074,91.32363892,2007
23.9,57.6159,14.7,9360.555664,35101,None,Atoll,LagoonPinnacle,361.4689636,43.60055567,7.197385827,171.0654859,182.5126038,None,300.3786621,2.973044811,-0.424016314,UVC,1682.033529,2204.992618,47.05922699,2007
20.7,21.3201,8,10218.12109,34698,None,Atoll,LagoonPinnacle,352.0107217,42.03164187,7.150908751,171.0556044,182.2851868,None,300.3640442,2.973044811,-0.424016314,UVC,1693.689694,2228.36241,147.0512848,2007
23.4,8.3193,10.15,13514.80664,37682,None,Atoll,Forereef,387.3423822,40.64828743,7.143618648,171.0268583,188.848938,None,300.3760376,2.973044811,-0.424016314,UVC,1680.945735,2230.365959,39.82841873,2007
22.7,51.5622516,8.3,11686.74414,37439,None,Atoll,Forereef,404.7925491,43.55681869,7.213790606,171.0493162,182.5126038,None,300.3859863,2.973044811,-0.424016314,UVC,1667.624403,2204.166074,1328.854004,2007
19.8,55.1194,6.3,9998.5,376206,None,Atoll,Forereef,5.463651245,5.060061953,9.823105831,169.3173644,142.3999939,None,299.9336243,NA,NA,UVC,25.15867084,251.4701252,1914.114014,2007
20.5,26.6685,6.8,7021.395996,392983,None,Atoll,LagoonPinnacle,3.538561898,6.052482701,9.879993613,169.1439895,147.2041473,None,299.9867859,NA,NA,UVC,32.11934458,383.6895662,191.1743164,2007
20,60.4196,9.3,17321.95117,416221,None,Atoll,Forereef,3.431742915,7.244211499,10.03327145,168.9975641,149.6452789,None,300.0314331,NA,NA,UVC,16.37226712,498.7843657,6.975624084,2007
45,16.057,3,8538.149414,403444,None,Atoll,LagoonPinnacle,3.82532723,5.265248623,9.96258972,169.0945822,150.861084,None,300.0064392,NA,NA,UVC,30.62618955,334.970051,83.11768341,2007
27.2,53.2873,9.05,6684.310059,389272,None,Atoll,Forereef,3.74583416,14.95899414,9.810261523,169.1134468,148.3851929,None,300.0108337,NA,NA,UVC,24.13543195,1085.978634,8.787190437,2007
